student_id,name,major,gpa_start,archetype,gpa_start,att_month1,att_month2,att_trend,avg_it1,avg_it2,it1_it2_delta,avg_roll_w4,avg_roll_w8,engagement_score,lms_logins_per_week,forum_posts,resources_accessed,predicted_risk,prob_low,prob_medium,prob_high,true_risk,correct
STU0432,Aarav Jones,Civil,1.0,5,1.0,47.2,21.6,1.5099999999999942,0.5,2.0,1.5,19.66,23.44,2.5166666666666666,4.6,0,3,High,0.0,0.0,1.0,High,True
STU0110,Priya Brown,Mechanical,1.0,2,1.0,67.4,60.7,-3.1900000000000066,29.2,18.1,-11.1,32.12,26.6,11.778,5.3,20,18,High,0.0,0.0,1.0,High,True
STU0389,Neha Verma,Mathematics,1.76,5,1.76,48.9,36.2,3.1199999999999957,7.1,9.2,2.0,26.78,28.0,4.434333333333334,6.9,0,8,High,0.0,0.0,1.0,High,True
STU0128,Leila Johnson,Civil,1.0,3,1.0,67.1,26.1,1.1999999999999929,16.8,12.0,-4.9,28.160000000000004,19.779999999999998,13.018333333333334,7.0,19,22,High,0.0,0.0,1.0,High,True
STU0138,Reyansh Kumar,Civil,1.0,3,1.0,46.8,54.0,5.009999999999998,17.7,16.2,-1.5,28.72,27.1,11.478333333333333,7.4,8,30,High,0.0,0.0,1.0,High,True
STU0416,Ayaan Rao,Civil,1.44,5,1.44,24.9,17.1,7.889999999999996,3.8,12.2,8.4,24.52,29.740000000000002,9.861166666666668,2.2,27,4,High,0.0,0.0,1.0,High,True
STU0050,Rahul Kumar,Civil,1.26,4,1.26,33.4,15.3,1.709999999999998,14.3,14.9,0.6,25.32,13.2,4.157166666666666,0.0,7,10,High,0.0,0.0,1.0,High,True
STU0297,Suresh Patel,Mathematics,1.29,4,1.29,56.6,6.0,0.7399999999999947,9.9,16.8,6.9,31.18,14.079999999999998,9.4665,0.0,8,35,High,0.0,0.0,1.0,High,True
STU0084,Anjali Rao,Data Science,1.0,5,1.0,52.4,39.8,-2.46,9.9,11.2,1.3,32.760000000000005,31.52,12.645333333333333,0.0,30,18,High,0.0,0.001,0.999,High,True
STU0040,Yusuf Reddy,Mathematics,1.68,4,1.68,62.4,62.3,-0.17999999999999727,30.3,25.2,-5.1,34.4,27.160000000000004,10.903166666666667,7.8,19,10,High,0.0,0.001,0.999,High,True
STU0079,Aryan Brown,Electronics,1.2,1,1.2,42.2,44.8,5.5799999999999965,32.6,31.2,-1.4,30.059999999999995,35.86,12.592833333333333,0.2,14,41,High,0.0,0.001,0.999,High,True
STU0080,Aditya Ahmed,Mathematics,1.03,0,1.03,30.3,48.7,2.2199999999999984,28.6,28.5,-0.1,31.880000000000003,32.22,9.217666666666666,3.9,6,29,High,0.0,0.001,0.999,High,True
STU0221,Tanvi Singh,Mechanical,1.48,0,1.48,60.2,17.8,-4.910000000000007,28.6,21.6,-7.1,36.68,34.44,9.414,7.8,6,22,High,0.0,0.001,0.999,High,True
STU0330,Kavya Smith,Computer Science,2.92,4,2.92,22.7,0.7,1.8299999999999963,20.7,24.3,3.7,33.339999999999996,28.54,13.996166666666667,3.6,22,29,High,0.0,0.001,0.999,High,True
STU0374,Reyansh Miller,Electronics,1.21,3,1.21,64.6,29.1,-2.270000000000002,22.5,18.6,-3.9,37.32000000000001,32.82,4.635666666666666,6.2,7,0,High,0.0,0.001,0.999,High,True
STU0428,Charlotte Hassan,Mathematics,1.0,0,1.0,48.8,45.4,7.099999999999996,26.2,31.4,5.2,29.18,31.32,13.484833333333334,5.8,15,33,High,0.0,0.001,0.999,High,True
STU0121,Noah Ansari,Computer Science,1.0,3,1.0,43.5,47.4,3.6499999999999986,16.0,16.8,0.8,31.139999999999997,29.619999999999997,15.145000000000001,9.3,15,34,High,0.0,0.001,0.999,High,True
STU0171,Krishna Shah,Electronics,1.14,2,1.14,62.9,52.9,-7.829999999999998,36.4,19.0,-17.5,43.08,35.239999999999995,14.007833333333336,3.8,14,41,High,0.0,0.002,0.998,High,True
STU0186,Kavya Brown,Electronics,1.56,5,1.56,32.8,61.2,-3.4899999999999887,12.2,14.6,2.4,33.28,29.3,14.677,4.4,32,16,High,0.0,0.002,0.998,High,True
STU0410,Mia Taylor,Computer Science,1.0,2,1.0,62.4,50.5,1.2899999999999991,26.8,26.9,0.1,34.480000000000004,32.64,6.901000000000001,3.4,15,5,High,0.0,0.002,0.998,High,True
STU0156,Mia Mirza,Data Science,1.62,3,1.62,68.7,60.5,1.0399999999999954,12.2,31.9,19.8,24.759999999999998,31.3,15.984833333333334,5.9,27,27,High,0.0,0.002,0.998,High,True
STU0041,Mia Brown,Computer Science,1.0,1,1.0,67.7,56.3,-1.9800000000000055,25.6,37.2,11.5,28.52,34.86,10.6025,2.1,23,14,High,0.0,0.002,0.998,High,True
STU0174,Liam Shah,Data Science,1.19,0,1.19,46.3,30.9,0.18000000000000094,43.1,34.7,-8.4,38.980000000000004,39.82,8.613666666666667,5.2,13,13,High,0.0,0.002,0.998,High,True
STU0207,Amir Taylor,Computer Science,1.0,3,1.0,49.9,51.6,5.509999999999996,20.5,36.3,15.8,30.7,28.98,5.336166666666667,1.7,4,17,High,0.0,0.003,0.997,High,True
STU0210,Charlotte Nair,Mechanical,1.0,5,1.0,49.1,32.7,-3.7300000000000018,12.3,16.6,4.3,33.14,38.6,4.9385,3.0,8,6,High,0.0,0.003,0.997,High,True
STU0420,Noor Reddy,Data Science,1.0,2,1.0,56.9,60.0,0.6500000000000037,32.3,27.6,-4.7,39.7,31.1,8.250833333333333,6.5,8,16,High,0.0,0.003,0.997,High,True
STU0446,Hassan Miller,Mathematics,1.58,3,1.58,57.5,64.5,3.159999999999998,23.5,22.3,-1.2,32.28,32.88,5.882333333333333,5.7,5,10,High,0.0,0.003,0.997,High,True
STU0351,Sneha Shah,Electronics,1.5,3,1.5,57.9,60.2,-0.7600000000000078,36.4,31.8,-4.7,36.36,35.04,14.304666666666668,5.6,24,24,High,0.0,0.003,0.997,High,True
STU0246,Aryan Rao,Computer Science,2.06,3,2.06,39.2,25.1,1.909999999999996,35.1,21.2,-13.9,42.78,39.480000000000004,12.966666666666667,5.9,15,30,High,0.0,0.003,0.997,High,True
STU0443,Sophia Davis,Data Science,1.07,0,1.07,49.4,65.3,-1.4499999999999933,28.1,26.3,-1.8,35.34,35.34,7.062666666666668,4.4,0,26,High,0.0,0.004,0.996,High,True
STU0261,Amara Hassan,Electronics,2.17,1,2.17,56.2,44.4,2.819999999999993,31.1,35.7,4.6,34.08,35.46,10.453,5.8,0,40,High,0.0,0.004,0.996,High,True
STU0012,Shreya Malik,Mathematics,1.33,0,1.33,51.2,37.2,-0.1900000000000039,26.3,33.7,7.3,36.2,35.96,9.138833333333332,6.6,14,11,High,0.0,0.004,0.996,High,True
STU0193,Suresh Davis,Mechanical,1.63,3,1.63,32.3,59.2,6.870000000000001,24.2,23.5,-0.6,35.56,31.8,10.632166666666667,4.2,17,19,High,0.0,0.004,0.996,High,True
STU0255,Vihaan Smith,Electronics,1.74,2,1.74,57.9,55.6,-3.03,25.7,26.3,0.5,36.160000000000004,36.6,13.587333333333335,5.4,6,48,High,0.0,0.004,0.996,High,True
STU0276,Vivaan Patel,Electronics,1.01,1,1.01,53.3,42.4,4.429999999999997,34.4,37.9,3.4,36.2,37.78,8.581666666666667,7.7,8,15,High,0.0,0.004,0.996,High,True
STU0437,Vihaan Brown,Civil,2.02,3,2.02,50.1,14.6,-0.010000000000008913,31.1,39.5,8.4,39.3,35.739999999999995,15.623666666666665,0.1,29,34,High,0.0,0.005,0.995,High,True
STU0463,Rohan Wilson,Mathematics,1.0,3,1.0,66.5,48.2,-0.8800000000000006,29.8,27.0,-2.8,39.4,38.98,9.368833333333333,3.8,0,39,High,0.0,0.005,0.995,High,True
STU0124,Amir Khan,Electronics,1.82,5,1.82,53.5,28.3,1.1999999999999946,12.4,15.7,3.3,38.040000000000006,37.660000000000004,9.687833333333332,1.8,21,13,High,0.0,0.006,0.994,High,True
STU0006,Zara Ansari,Mechanical,1.1,4,1.1,54.4,38.9,5.589999999999992,17.5,25.4,7.9,42.68,30.26,17.865000000000002,8.4,26,33,High,0.0,0.006,0.994,High,True
STU0097,Neha Ahmed,Electronics,1.62,6,1.62,65.8,75.7,-3.4100000000000033,49.2,38.9,-10.3,40.14,40.379999999999995,19.832,10.6,21,46,High,0.0,0.006,0.994,High,True
STU0149,Hassan Rao,Computer Science,1.62,0,1.62,26.1,29.9,1.8799999999999994,30.7,24.3,-6.4,41.4,39.68,6.458333333333333,4.8,1,21,High,0.0,0.006,0.994,High,True
STU0056,Krishna Khan,Computer Science,1.0,4,1.0,66.7,55.9,0.5799999999999977,36.2,30.3,-5.9,49.019999999999996,34.12,19.356833333333334,12.4,17,46,High,0.0,0.007,0.993,High,True
STU0042,Ayaan Ansari,Electronics,1.94,2,1.94,54.3,44.7,-3.320000000000001,32.1,31.1,-1.0,39.480000000000004,40.660000000000004,19.19516666666667,4.8,16,62,High,0.0,0.007,0.993,High,True
STU0399,Ava Malik,Electronics,1.25,3,1.25,54.4,55.4,0.9999999999999987,20.8,26.3,5.4,37.839999999999996,34.46,8.969666666666667,3.7,14,16,High,0.0,0.007,0.993,High,True
STU0387,Ava Singh,Computer Science,1.21,0,1.21,46.0,32.2,-0.5300000000000025,30.6,35.0,4.4,37.260000000000005,42.88,3.3579999999999997,0.0,11,0,High,0.0,0.009,0.991,High,True
STU0274,Emma Reddy,Electronics,1.68,4,1.68,55.7,50.6,-3.6299999999999994,21.1,25.2,4.1,41.8,33.56,9.902833333333334,2.6,14,23,High,0.0,0.009,0.991,High,True
STU0232,Liam Sharma,Data Science,1.91,3,1.91,53.3,25.0,-4.240000000000003,36.5,37.4,0.9,44.06,39.779999999999994,8.402000000000001,5.7,15,8,High,0.0,0.009,0.991,High,True
STU0188,Aditya Taylor,Electronics,1.0,2,1.0,56.4,11.2,1.2999999999999925,29.6,33.5,3.9,47.660000000000004,39.519999999999996,12.968333333333334,7.4,16,26,High,0.0,0.009,0.991,High,True
STU0044,Sneha Kumar,Civil,1.0,0,1.0,60.7,75.0,7.049999999999999,34.5,31.3,-3.2,38.72,39.86,19.27766666666667,6.9,26,43,High,0.0,0.011,0.989,High,True
STU0068,Riya Nair,Data Science,1.42,3,1.42,62.3,79.1,-8.719999999999981,29.9,29.4,-0.5,42.94,37.64,21.929333333333332,9.1,40,31,High,0.0,0.012,0.988,High,True
STU0450,Amara Ali,Mathematics,1.27,2,1.27,46.5,34.1,-3.7500000000000018,41.0,31.3,-9.7,47.36,44.519999999999996,13.248666666666667,3.7,21,27,High,0.0,0.012,0.988,High,True
STU0316,Sai Khan,Mechanical,1.1,2,1.1,51.6,52.5,4.660000000000002,34.5,30.0,-4.5,44.96,40.4,18.471000000000004,11.1,15,47,High,0.0,0.012,0.988,High,True
STU0251,Ishaan Siddiqui,Computer Science,1.85,1,1.85,65.1,49.1,-7.580000000000003,32.2,35.9,3.7,37.760000000000005,42.86,7.952666666666667,0.0,13,20,High,0.0,0.013,0.987,High,True
STU0413,Aarav Hassan,Mathematics,2.64,5,2.64,30.8,8.1,3.6199999999999948,18.8,20.6,1.8,44.7,38.58,7.978000000000001,3.9,12,14,High,0.0,0.014,0.986,High,True
STU0093,Mia Wilson,Computer Science,1.58,3,1.58,63.1,43.4,-1.0500000000000083,34.4,35.5,1.1,43.44,39.9,14.213666666666668,2.8,2,62,High,0.0,0.014,0.986,High,True
STU0036,Kiran Williams,Mathematics,2.23,4,2.23,48.2,70.7,2.54,27.6,29.5,1.9,41.3,32.220000000000006,9.051833333333335,3.4,22,5,High,0.0,0.017,0.983,High,True
STU0426,Pooja Ansari,Computer Science,1.83,4,1.83,50.6,62.8,4.23,33.9,29.1,-4.8,44.44,37.92,14.378666666666666,8.1,9,42,High,0.0,0.017,0.983,High,True
STU0378,Vivaan Davis,Civil,2.25,4,2.25,44.6,26.2,5.879999999999993,35.7,30.4,-5.3,49.44,37.12,12.748333333333333,3.6,25,19,High,0.0,0.017,0.983,High,True
STU0015,Ayaan Ansari,Data Science,1.57,3,1.57,80.9,88.1,-5.81,46.0,33.2,-12.8,44.56,43.88,18.325,10.5,12,52,High,0.0,0.018,0.982,High,True
STU0281,Hassan Jones,Computer Science,1.75,3,1.75,54.8,61.5,-0.8299999999999997,44.3,38.2,-6.1,43.1,41.68,16.237166666666667,0.7,14,58,High,0.0,0.018,0.982,High,True
STU0354,Pooja Rao,Civil,1.88,3,1.88,40.3,53.6,4.8,32.8,35.5,2.7,38.980000000000004,41.839999999999996,12.1255,7.9,17,19,High,0.0,0.018,0.982,High,True
STU0165,Nandini Kumar,Civil,1.64,5,1.64,36.0,23.3,3.0199999999999965,15.2,12.9,-2.3,44.96,44.239999999999995,12.068333333333332,3.9,21,21,High,0.0,0.02,0.98,High,True
STU0072,Pooja Patel,Mechanical,1.77,3,1.77,54.3,53.5,-0.3899999999999973,48.8,38.5,-10.3,46.480000000000004,44.46,12.576333333333332,4.6,19,25,High,0.0,0.021,0.979,High,True
STU0313,Lakshmi Smith,Data Science,2.12,2,2.12,26.4,21.1,5.709999999999994,37.7,34.4,-3.4,46.160000000000004,43.260000000000005,12.694,1.3,15,38,High,0.0,0.022,0.978,High,True
STU0245,Fatima Hassan,Civil,1.38,4,1.38,69.8,71.2,-5.8699999999999966,33.8,32.1,-1.7,45.44,40.339999999999996,8.979833333333334,8.5,7,17,High,0.0,0.023,0.977,High,True
STU0478,Rohan Khan,Mechanical,2.53,4,2.53,16.7,25.6,13.839999999999995,37.7,28.0,-9.7,48.86,38.78,7.904666666666667,3.5,0,32,High,0.0,0.024,0.976,High,True
STU0382,Neha Hassan,Civil,1.05,0,1.05,70.3,58.7,-4.860000000000005,28.7,43.6,14.9,39.379999999999995,40.88,9.634333333333334,4.7,5,31,High,0.0,0.024,0.976,High,True
STU0421,Riya Shah,Mathematics,1.09,0,1.09,31.1,59.2,12.149999999999995,41.5,37.2,-4.3,44.14,43.28,21.428666666666665,7.9,23,56,High,0.0,0.025,0.975,High,True
STU0116,Anjali Williams,Mechanical,1.0,3,1.0,66.7,55.2,-7.770000000000002,38.5,41.8,3.3,44.2,45.36,6.448000000000001,7.4,2,14,High,0.0,0.025,0.975,High,True
STU0213,Divya Kumar,Mathematics,1.21,0,1.21,72.2,68.0,-3.3899999999999997,39.7,36.0,-3.7,44.3,45.56,14.181666666666667,5.9,21,27,High,0.0,0.028,0.972,High,True
STU0369,Noor Taylor,Computer Science,1.88,1,1.88,67.0,56.6,-7.9600000000000035,33.5,44.6,11.0,42.18,41.980000000000004,15.6645,7.6,17,37,High,0.0,0.029,0.971,High,True
STU0009,Aditya Shah,Data Science,2.02,1,2.02,44.1,55.1,-0.2000000000000007,27.6,38.7,11.1,35.0,45.160000000000004,3.9848333333333334,6.1,5,0,High,0.0,0.029,0.971,High,True
STU0406,Mia Williams,Mechanical,2.44,5,2.44,53.5,11.2,5.079999999999993,24.6,19.7,-4.9,46.36,46.2,10.244499999999999,0.0,24,15,High,0.0,0.029,0.971,High,True
STU0467,Reyansh Davis,Computer Science,1.4,6,1.4,29.9,61.1,4.490000000000003,48.8,45.8,-3.0,43.0,45.44,16.0465,4.4,26,32,High,0.0,0.03,0.97,High,True
STU0162,Aarav Mirza,Mathematics,1.83,5,1.83,46.5,54.3,1.0299999999999967,25.0,13.3,-11.7,46.86,45.12,13.237,3.6,11,42,High,0.0,0.032,0.968,High,True
STU0018,Sophia Davis,Electronics,2.33,0,2.33,18.4,20.4,7.609999999999996,42.0,44.8,2.8,44.42,43.739999999999995,5.713833333333333,2.8,13,3,High,0.0,0.033,0.967,High,True
STU0117,Yasmin Smith,Mechanical,1.59,0,1.59,44.8,27.6,8.099999999999994,39.1,47.0,7.9,42.8,44.54,10.672666666666666,2.5,20,18,High,0.0,0.034,0.966,High,True
STU0476,Suresh Hassan,Data Science,1.38,4,1.38,81.4,74.4,-2.220000000000006,36.6,28.7,-8.0,51.1,39.9,13.652333333333333,9.0,13,30,High,0.0,0.036,0.964,High,True
STU0024,Lakshmi Ali,Mathematics,2.49,1,2.49,45.7,14.0,5.729999999999992,31.4,46.8,15.4,39.839999999999996,45.660000000000004,15.113833333333332,3.3,9,55,High,0.0,0.037,0.963,High,True
STU0177,Anjali Davis,Computer Science,1.44,0,1.44,44.9,31.7,-2.6800000000000006,38.9,35.2,-3.7,49.059999999999995,46.68,6.684833333333333,0.0,8,21,High,0.0,0.038,0.962,High,True
STU0273,Kavya Singh,Civil,2.3,3,2.3,76.7,36.4,-0.46000000000000585,38.1,42.8,4.7,46.6,42.980000000000004,13.9115,5.3,13,39,High,0.0,0.039,0.961,High,True
STU0335,Vihaan Ali,Computer Science,2.63,3,2.63,69.9,55.1,2.9899999999999975,48.7,38.5,-10.1,47.040000000000006,46.28,13.368666666666668,9.9,9,33,High,0.0,0.039,0.961,High,True
STU0083,Anjali Ansari,Computer Science,1.0,0,1.0,70.2,78.9,-4.950000000000002,40.4,37.5,-2.9,49.1,43.86,28.436,9.2,22,90,High,0.0,0.04,0.96,High,True
STU0364,Amir Mirza,Mathematics,1.42,1,1.42,38.9,68.3,-1.3099999999999972,44.2,45.1,0.9,41.22,48.519999999999996,22.124333333333333,3.8,29,59,High,0.0,0.04,0.96,High,True
STU0477,Ananya Moore,Electronics,1.77,0,1.77,36.9,58.8,6.209999999999997,48.6,47.2,-1.4,43.3,44.42,11.346666666666666,1.9,17,27,High,0.0,0.042,0.958,High,True
STU0470,Sophia Ahmed,Data Science,1.0,0,1.0,50.3,71.9,-0.4800000000000036,29.2,33.4,4.2,41.559999999999995,45.42,6.485166666666666,8.6,10,0,High,0.0,0.042,0.958,High,True
STU0363,Divya Nair,Mechanical,1.0,0,1.0,75.7,80.3,-0.4499999999999924,45.4,37.5,-7.9,47.04,44.94,8.982333333333333,5.5,9,20,High,0.0,0.044,0.956,High,True
STU0025,Vivaan Patel,Data Science,1.78,2,1.78,52.3,64.5,-4.29999999999999,35.4,33.4,-2.0,46.980000000000004,42.339999999999996,8.579166666666667,3.6,5,28,High,0.0,0.045,0.955,High,True
STU0280,Tanvi Joshi,Computer Science,2.56,0,2.56,28.1,27.9,8.179999999999994,29.2,31.3,2.0,44.980000000000004,43.72,8.482166666666668,5.2,15,9,High,0.0,0.045,0.955,High,True
STU0272,Shreya Johnson,Civil,1.0,0,1.0,64.3,73.8,5.809999999999994,31.8,38.1,6.3,43.220000000000006,43.08,22.091333333333335,10.6,27,48,High,0.0,0.045,0.955,High,True
STU0319,Rohan Smith,Mechanical,2.17,3,2.17,54.5,49.0,-1.1800000000000015,40.6,40.8,0.2,48.82,43.98,23.333333333333336,7.6,32,53,High,0.0,0.046,0.954,High,True
STU0231,Neha Ansari,Mathematics,1.23,2,1.23,66.6,56.6,-4.54,34.7,42.9,8.3,47.220000000000006,42.58,8.6755,10.1,1,21,High,0.0,0.046,0.954,High,True
STU0191,Shreya Singh,Civil,1.74,3,1.74,45.0,57.6,4.059999999999999,41.8,40.6,-1.3,48.5,40.96,8.307666666666666,7.2,18,0,High,0.0,0.047,0.953,High,True
STU0023,Ananya Mirza,Data Science,1.81,0,1.81,48.6,28.9,4.829999999999995,39.0,29.0,-10.0,51.14,48.08,8.028666666666666,4.5,3,26,High,0.0,0.049,0.951,High,True
STU0286,Aryan Davis,Mechanical,1.57,3,1.57,69.3,66.3,-3.5599999999999965,41.2,43.5,2.4,45.739999999999995,43.72,12.514833333333335,4.5,0,53,High,0.0,0.049,0.951,High,True
STU0498,Rahul Rao,Computer Science,1.78,1,1.78,66.4,47.1,-1.410000000000008,34.3,47.2,12.9,41.260000000000005,46.68,11.996333333333334,7.5,15,22,High,0.0,0.05,0.95,High,True
STU0250,Yasmin Miller,Mathematics,1.4,3,1.4,48.3,69.4,4.730000000000003,38.4,29.8,-8.6,44.64,47.260000000000005,7.698666666666666,3.6,18,4,High,0.0,0.051,0.949,High,True
STU0168,Mia Nair,Computer Science,2.77,3,2.77,48.6,62.3,0.9300000000000054,33.4,40.3,6.9,41.760000000000005,40.42,18.650333333333336,1.5,24,54,High,0.0,0.051,0.949,High,True
STU0333,Noor Verma,Computer Science,2.29,6,2.29,35.8,0.0,6.749999999999993,51.8,52.6,0.8,50.339999999999996,48.82,14.181833333333335,1.0,23,34,High,0.0,0.053,0.947,High,True
STU0185,Omar Verma,Mathematics,2.01,0,2.01,51.3,27.9,-1.6400000000000008,44.3,44.2,-0.1,48.7,49.42,12.861166666666668,4.5,18,28,High,0.0,0.054,0.946,High,True
STU0200,Aryan Reddy,Mathematics,1.49,3,1.49,65.1,69.5,-1.039999999999996,54.5,42.7,-11.9,48.9,49.0,7.860333333333334,7.3,8,12,High,0.0,0.055,0.945,High,True
STU0257,Omar Chaudhary,Mathematics,1.99,3,1.99,60.9,56.6,-5.959999999999999,31.9,43.3,11.4,41.28,46.42,10.041333333333332,6.9,12,18,High,0.0,0.055,0.945,High,True
STU0027,Lakshmi Johnson,Mathematics,2.67,5,2.67,57.0,62.3,4.549999999999994,24.5,21.4,-3.1,46.68,42.42,22.0405,9.9,26,51,High,0.0,0.056,0.944,High,True
STU0266,Aditya Moore,Civil,2.73,3,2.73,18.1,8.8,-0.7200000000000016,53.7,44.9,-8.9,54.44,50.8,17.85016666666667,6.1,7,66,High,0.0,0.056,0.944,High,True
STU0395,Rohan Mirza,Data Science,1.4,1,1.4,70.6,80.1,5.0600000000000085,30.4,33.9,3.5,39.019999999999996,46.92,18.6935,5.0,18,56,High,0.0,0.056,0.944,High,True
STU0325,Sneha Wilson,Data Science,1.42,6,1.42,64.6,66.6,-1.5900000000000003,60.5,50.1,-10.4,49.739999999999995,48.260000000000005,6.719,3.7,6,17,High,0.0,0.06,0.94,High,True
STU0163,Yasmin Jones,Civil,1.93,5,1.93,38.2,52.2,2.619999999999998,41.4,26.9,-14.5,52.8,49.74,16.917333333333332,10.9,21,31,High,0.0,0.068,0.932,High,True
STU0004,Tariq Reddy,Data Science,1.43,3,1.43,53.5,70.9,7.53999999999999,46.0,44.5,-1.5,46.96,45.62,16.897166666666664,10.4,12,45,High,0.0,0.069,0.931,High,True
STU0215,Arjun Siddiqui,Mathematics,2.32,1,2.32,44.6,49.2,0.8200000000000012,37.5,46.4,8.9,41.3,48.480000000000004,12.871500000000001,6.4,12,33,High,0.0,0.07,0.93,High,True
STU0089,Vihaan Mirza,Mathematics,1.29,3,1.29,57.1,53.3,-1.3000000000000065,40.5,45.8,5.3,47.82,46.36,13.809833333333334,5.0,21,27,High,0.0,0.071,0.929,High,True
STU0295,Kiran Rao,Mechanical,2.18,1,2.18,54.4,56.5,-1.9899999999999953,49.1,48.1,-1.0,43.019999999999996,52.21999999999999,9.877999999999998,4.5,18,13,High,0.0,0.072,0.928,High,True
STU0001,Sneha Reddy,Electronics,2.62,4,2.62,52.6,53.5,0.9899999999999974,32.0,35.8,3.8,49.32,40.1,13.775666666666666,7.6,19,25,High,0.0,0.074,0.926,High,True
STU0241,Yusuf Davis,Computer Science,2.22,1,2.22,53.7,59.7,1.1999999999999953,38.4,44.8,6.4,44.68,47.42,20.076166666666666,12.2,17,50,High,0.0,0.077,0.923,High,True
STU0222,Kiran Brown,Civil,1.7,0,1.7,65.8,57.8,3.7100000000000004,39.0,44.2,5.2,45.44,45.22,9.243666666666666,5.0,24,0,High,0.0,0.078,0.922,High,True
STU0438,Neha Moore,Computer Science,1.35,2,1.35,42.8,63.0,5.759999999999999,45.6,33.1,-12.5,50.64,48.88,9.699166666666668,5.3,7,27,High,0.0,0.081,0.919,High,True
STU0135,Anjali Mirza,Data Science,1.95,0,1.95,74.8,70.5,-7.249999999999994,40.2,43.9,3.7,46.42,44.739999999999995,7.374333333333334,3.5,5,22,High,0.0,0.082,0.918,High,True
STU0148,Amir Chaudhary,Computer Science,2.15,2,2.15,65.6,17.6,-3.530000000000005,41.3,43.8,2.6,53.44,48.32,13.464333333333332,3.6,15,37,High,0.0,0.083,0.917,High,True
STU0315,Zara Sharma,Mathematics,1.63,0,1.63,40.0,30.2,-1.2400000000000042,31.9,45.5,13.6,46.220000000000006,47.64,11.075333333333333,3.7,25,10,High,0.0,0.084,0.916,High,True
STU0310,Rahul Davis,Electronics,1.94,4,1.94,64.7,62.8,1.5799999999999967,30.4,35.8,5.3,48.2,42.12,17.2465,7.0,23,37,High,0.0,0.085,0.915,High,True
STU0230,Divya Rao,Electronics,1.95,1,1.95,60.6,53.0,-0.8999999999999994,41.6,42.1,0.5,45.28,54.0,16.288,11.3,19,30,High,0.0,0.087,0.913,High,True
STU0462,Krishna Chaudhary,Mathematics,1.45,6,1.45,49.1,52.5,-0.6999999999999975,57.0,57.0,0.0,49.160000000000004,48.739999999999995,3.831666666666667,4.1,7,0,High,0.0,0.087,0.913,High,True
STU0397,Noor Mirza,Civil,2.04,4,2.04,54.1,14.8,3.6899999999999933,30.9,35.7,4.8,53.779999999999994,43.6,12.455666666666668,0.7,13,41,High,0.0,0.089,0.911,Medium,False
STU0196,Olivia Ansari,Civil,2.19,1,2.19,71.9,70.5,0.7299999999999908,35.6,43.0,7.4,42.94,46.32,13.556833333333334,9.6,11,31,High,0.0,0.089,0.911,High,True
STU0263,Rahul Joshi,Data Science,1.67,5,1.67,49.9,56.9,12.679999999999993,20.7,24.5,3.8,45.14,44.94,19.035666666666668,6.3,26,43,High,0.0,0.093,0.907,High,True
STU0394,Charlotte Jones,Civil,3.02,2,3.02,49.5,21.3,4.9299999999999935,33.5,43.5,9.9,47.239999999999995,44.6,11.621166666666667,3.4,20,21,High,0.0,0.094,0.906,High,True
STU0067,Sophia Taylor,Electronics,1.14,0,1.14,47.5,70.4,6.69,37.1,37.4,0.4,46.620000000000005,46.68,13.477,5.0,20,27,High,0.0,0.097,0.903,High,True
STU0391,Noor Mirza,Mechanical,2.67,1,2.67,37.7,32.1,5.869999999999993,37.0,47.6,10.7,41.0,49.4,9.240166666666665,0.0,14,25,High,0.0,0.099,0.901,High,True
STU0487,Suresh Ahmed,Computer Science,1.0,1,1.0,63.2,79.4,5.05,32.9,41.4,8.5,43.779999999999994,49.04,30.260833333333338,12.4,26,87,High,0.0,0.1,0.9,High,True
STU0081,Reyansh Jones,Mathematics,1.71,3,1.71,55.6,57.4,4.299999999999999,45.1,45.3,0.3,50.660000000000004,46.54,22.27766666666667,4.9,24,65,High,0.0,0.108,0.892,High,True
STU0254,Vivaan Moore,Computer Science,1.93,4,1.93,50.1,45.4,-0.2999999999999967,30.4,31.1,0.7,53.38000000000001,44.76,14.921333333333333,5.4,9,50,High,0.0,0.112,0.888,High,True
STU0033,Nandini Smith,Mechanical,2.64,3,2.64,51.9,55.9,-6.479999999999996,50.4,40.7,-9.8,51.32000000000001,51.96,8.066333333333333,7.1,7,15,High,0.0,0.113,0.887,High,True
STU0053,Aarav Chaudhary,Mechanical,2.05,1,2.05,58.9,32.5,6.45999999999999,38.3,46.0,7.8,45.8,52.5,15.314499999999999,9.0,24,22,High,0.0,0.113,0.886,High,True
STU0092,Divya Sharma,Mechanical,2.14,1,2.14,57.5,31.9,-2.6300000000000052,35.2,50.9,15.8,44.6,50.92,17.733833333333333,3.6,26,42,High,0.0,0.115,0.885,High,True
STU0458,Zara Patel,Data Science,1.76,0,1.76,59.1,60.1,-3.0800000000000005,30.4,41.6,11.3,44.42,47.8,12.195166666666667,4.9,10,36,High,0.0,0.115,0.885,High,True
STU0199,Ava Miller,Civil,2.38,0,2.38,53.0,30.6,1.7199999999999949,50.2,39.7,-10.5,54.3,53.239999999999995,12.2135,5.6,15,27,High,0.0,0.118,0.882,High,True
STU0189,Olivia Davis,Mathematics,1.93,3,1.93,54.5,48.0,3.320000000000001,46.0,44.9,-1.1,51.0,48.56,11.149333333333335,4.6,0,46,High,0.0,0.125,0.875,High,True
STU0125,Pooja Kumar,Computer Science,3.42,3,3.42,25.6,10.3,2.589999999999996,58.5,46.3,-12.2,57.379999999999995,52.82000000000001,12.501,6.8,9,35,High,0.0,0.129,0.871,High,True
STU0371,Yusuf Chaudhary,Mathematics,2.08,5,2.08,58.8,56.0,-3.8499999999999988,32.6,25.3,-7.2,52.839999999999996,51.54,17.298,8.5,22,36,High,0.0,0.134,0.866,Medium,False
STU0071,Tanvi Sharma,Data Science,1.77,0,1.77,44.9,43.0,6.559999999999992,47.2,55.5,8.3,48.959999999999994,48.660000000000004,14.278500000000001,8.1,7,44,High,0.0,0.136,0.864,High,True
STU0380,Kavya Wilson,Mechanical,1.41,0,1.41,75.1,75.3,6.14,51.3,44.1,-7.2,52.879999999999995,51.18,24.550333333333334,15.3,27,51,High,0.0,0.14,0.86,High,True
STU0360,Noor Smith,Data Science,2.51,3,2.51,42.3,67.5,4.229999999999999,37.6,31.4,-6.2,49.46,47.160000000000004,11.2425,6.4,14,22,High,0.0,0.14,0.86,High,True
STU0187,Nandini Verma,Mathematics,2.48,3,2.48,57.7,35.0,-4.460000000000003,38.0,44.2,6.1,53.7,46.2,15.743833333333333,3.9,25,33,High,0.0,0.144,0.856,High,True
STU0209,Meera Shah,Mechanical,1.56,0,1.56,65.7,47.0,0.2799999999999968,39.2,43.6,4.3,49.18,50.3,11.457333333333334,1.3,10,39,High,0.0,0.144,0.856,High,True
STU0283,Hassan Davis,Computer Science,1.88,0,1.88,40.8,32.9,5.599999999999997,44.7,42.9,-1.8,51.1,52.67999999999999,8.715333333333334,4.3,5,27,High,0.0,0.147,0.853,High,True
STU0157,Aryan Brown,Mathematics,1.26,1,1.26,63.0,63.1,1.8699999999999957,43.5,49.7,6.2,47.72,51.86,23.81216666666667,7.0,31,58,High,0.0,0.148,0.851,High,True
STU0414,Lakshmi Ahmed,Computer Science,3.37,3,3.37,59.6,45.5,-2.779999999999999,24.7,33.0,8.3,46.44,46.96,14.859000000000002,2.4,10,54,High,0.0,0.162,0.838,High,True
STU0159,Ava Verma,Computer Science,1.59,3,1.59,72.6,79.7,-1.2700000000000031,45.3,40.8,-4.5,54.82000000000001,46.779999999999994,21.666666666666668,7.3,26,54,High,0.0,0.172,0.828,High,True
STU0201,Anjali Smith,Mechanical,1.93,4,1.93,60.4,53.6,5.7299999999999995,43.6,39.2,-4.4,56.220000000000006,46.08,9.912666666666668,7.4,0,34,High,0.0,0.18,0.82,High,True
STU0481,Sneha Gupta,Data Science,1.31,3,1.31,58.1,69.2,-2.319999999999998,63.5,44.8,-18.7,59.61999999999999,54.96,16.591666666666665,8.5,19,37,High,0.0,0.19,0.81,Medium,False
STU0179,Sai Kumar,Mathematics,1.34,0,1.34,54.8,52.5,5.14,50.2,45.4,-4.8,52.44,54.82000000000001,12.946833333333334,6.3,19,23,High,0.0,0.192,0.808,High,True
STU0365,Vijay Ali,Electronics,2.3,3,2.3,58.8,54.3,-7.559999999999993,54.5,49.9,-4.6,55.1,52.02,14.757833333333332,3.5,21,35,High,0.0,0.195,0.805,High,True
STU0052,Shreya Nair,Civil,2.38,2,2.38,69.5,66.0,1.4400000000000002,58.4,43.7,-14.7,55.9,54.48,16.606833333333334,12.0,17,33,High,0.0,0.206,0.794,High,True
STU0405,Mia Johnson,Mechanical,1.73,1,1.73,65.3,79.7,-3.7699999999999996,61.8,52.1,-9.7,50.160000000000004,57.75999999999999,17.311833333333336,4.5,24,41,High,0.0,0.21,0.79,High,True
STU0123,Rohan Sharma,Data Science,2.02,1,2.02,36.8,38.6,4.1199999999999966,32.1,54.0,22.0,41.42,53.4,14.072000000000001,5.1,19,31,High,0.0,0.214,0.786,High,True
STU0275,Tanvi Moore,Civil,1.92,1,1.92,62.0,48.2,-0.7000000000000051,35.9,46.6,10.7,47.18,54.519999999999996,13.085833333333335,9.8,3,41,High,0.0,0.213,0.786,High,True
STU0329,Aarav Reddy,Data Science,2.8,5,2.8,71.5,58.1,-7.349999999999998,34.0,26.1,-7.8,56.239999999999995,50.980000000000004,18.294333333333334,7.1,32,29,High,0.0,0.22,0.78,Medium,False
STU0099,Sai Malik,Civil,1.62,3,1.62,53.9,75.1,9.569999999999995,42.7,45.7,2.9,48.32,50.36,20.2365,9.8,22,48,High,0.0,0.22,0.78,High,True
STU0259,Amara Shah,Electronics,3.15,0,3.15,56.3,48.2,-4.499999999999999,39.9,41.8,2.0,49.480000000000004,51.06,6.110833333333334,2.6,0,25,High,0.0,0.222,0.778,High,True
STU0031,Ava Taylor,Electronics,1.32,2,1.32,67.9,41.7,3.8199999999999954,44.7,45.5,0.8,54.48,53.32000000000001,16.576,4.0,19,46,High,0.0,0.224,0.776,High,True
STU0061,Noah Hassan,Data Science,1.34,5,1.34,51.7,63.2,1.3599999999999985,31.1,26.5,-4.6,52.52,54.0,12.151666666666667,8.0,18,17,High,0.0,0.228,0.772,Medium,False
STU0468,Priya Brown,Data Science,2.23,2,2.23,58.0,38.9,-3.3500000000000023,40.4,42.2,1.8,56.82000000000001,51.08,13.737833333333333,9.9,19,20,High,0.0,0.228,0.772,High,True
STU0260,Hassan Smith,Mathematics,1.6,0,1.6,41.0,49.7,5.819999999999997,46.8,46.3,-0.5,53.38000000000001,53.46,15.96,8.2,10,48,High,0.0,0.237,0.763,High,True
STU0356,Noor Siddiqui,Mathematics,2.46,0,2.46,38.6,51.8,5.2799999999999985,49.9,44.9,-5.0,52.220000000000006,52.48,13.941666666666666,2.8,15,41,High,0.0,0.241,0.759,Medium,False
STU0147,Pooja Malik,Civil,3.03,2,3.03,13.4,7.1,2.2699999999999996,53.8,50.6,-3.2,61.239999999999995,52.32000000000001,16.382166666666667,8.7,10,49,High,0.0,0.243,0.757,High,True
STU0459,Sneha Smith,Mathematics,1.06,2,1.06,66.7,56.6,-8.540000000000003,39.9,37.3,-2.6,60.279999999999994,52.02,15.6565,7.6,25,25,High,0.0,0.255,0.745,High,True
STU0173,Riya Reddy,Electronics,1.46,2,1.46,47.3,63.7,3.4300000000000055,52.1,43.8,-8.3,55.779999999999994,53.839999999999996,12.769,6.9,22,17,High,0.0,0.261,0.739,High,True
STU0059,Aditya Shah,Electronics,2.85,3,2.85,76.6,64.9,-7.980000000000001,44.8,43.0,-1.8,53.8,52.08,15.626333333333335,9.1,5,52,High,0.0,0.261,0.739,High,True
STU0047,Krishna Verma,Data Science,1.48,0,1.48,55.0,62.0,-2.3799999999999946,59.6,46.1,-13.5,59.779999999999994,55.38000000000001,14.574166666666667,6.8,11,42,High,0.0,0.266,0.734,Medium,False
STU0367,Hassan Sharma,Electronics,2.71,1,2.71,54.0,48.0,-4.0600000000000005,36.9,43.9,7.0,49.42,53.58,8.097333333333333,5.8,7,18,High,0.0,0.284,0.716,High,True
STU0130,Amara Miller,Mathematics,3.44,5,3.44,31.3,10.0,-4.340000000000003,27.0,26.1,-0.9,57.94,52.540000000000006,4.689333333333334,5.0,8,1,High,0.0,0.29,0.71,High,True
STU0065,Vihaan Miller,Data Science,1.87,2,1.87,39.1,18.6,3.8899999999999917,49.7,49.4,-0.3,58.239999999999995,54.48,9.270666666666667,2.9,4,34,High,0.0,0.29,0.71,High,True
STU0057,Olivia Davis,Electronics,1.83,0,1.83,37.2,14.0,8.719999999999994,52.1,50.7,-1.4,59.14,54.2,7.509666666666666,4.6,6,19,High,0.0,0.294,0.706,Medium,False
STU0430,Sai Taylor,Mathematics,1.98,6,1.98,71.5,44.9,1.9099999999999937,67.2,52.3,-14.9,59.44,57.56,5.9365000000000006,4.4,5,13,High,0.0,0.294,0.706,High,True
STU0292,Suresh Smith,Computer Science,2.8,0,2.8,48.6,20.2,-1.8000000000000056,50.0,53.2,3.2,54.839999999999996,57.04,18.552,4.2,26,45,High,0.001,0.296,0.703,Medium,False
STU0181,Zara Singh,Data Science,2.03,3,2.03,52.6,53.5,1.9300000000000017,51.9,46.3,-5.6,55.7,56.379999999999995,22.487666666666666,7.6,25,59,High,0.0,0.298,0.701,High,True
STU0139,Anjali Williams,Mathematics,2.03,2,2.03,46.2,33.3,2.3399999999999954,53.9,45.9,-8.0,58.779999999999994,56.3,10.106,4.1,12,24,High,0.0,0.306,0.694,High,True
STU0098,Ishaan Malik,Civil,2.17,0,2.17,56.0,45.1,-2.479999999999999,47.1,45.3,-1.8,56.02,55.46,20.32183333333333,3.6,36,40,High,0.0,0.309,0.69,High,True
STU0448,Pooja Chaudhary,Mathematics,2.28,1,2.28,52.5,67.6,0.41999999999999904,38.2,42.2,4.0,48.54,53.379999999999995,13.5075,4.7,19,29,High,0.0,0.315,0.685,High,True
STU0105,Reyansh Wilson,Data Science,1.84,3,1.84,62.4,85.9,3.409999999999992,53.7,50.7,-3.0,52.779999999999994,52.94,19.478666666666665,12.1,17,47,High,0.0,0.316,0.683,Medium,False
STU0037,Neha Shah,Data Science,1.98,0,1.98,52.4,47.2,-3.8499999999999988,58.2,57.3,-0.9,55.56,58.379999999999995,15.953,8.7,18,35,High,0.001,0.316,0.683,Medium,False
STU0145,Lakshmi Davis,Mechanical,1.6,3,1.6,76.2,63.9,-3.440000000000005,54.6,54.0,-0.5,56.44,54.7,19.06516666666667,7.8,20,49,High,0.0,0.322,0.677,High,True
STU0352,Kavya Khan,Mathematics,1.68,5,1.68,61.6,61.4,1.8899999999999983,26.7,29.3,2.6,54.7,52.04,25.325333333333333,8.3,35,57,High,0.0,0.328,0.672,High,True
STU0137,Aditya Verma,Data Science,2.37,3,2.37,41.2,50.4,5.369999999999999,49.8,42.9,-6.9,53.779999999999994,56.92,8.7275,7.2,14,8,High,0.0,0.334,0.666,High,True
STU0075,Kiran Siddiqui,Civil,1.03,1,1.03,61.2,72.2,4.569999999999997,37.4,54.5,17.1,42.86,55.239999999999995,7.546666666666667,6.0,5,18,High,0.0,0.335,0.665,Medium,False
STU0376,Hassan Shah,Mathematics,2.69,0,2.69,57.4,53.5,-7.359999999999997,50.8,50.4,-0.4,55.25999999999999,54.5,19.951,2.8,27,53,High,0.0,0.336,0.664,High,True
STU0161,Tariq Ali,Civil,1.67,0,1.67,54.2,47.6,7.539999999999998,44.4,50.8,6.4,52.48,51.92,12.896833333333333,1.1,24,26,High,0.0,0.34,0.66,High,True
STU0208,Pooja Joshi,Mathematics,2.81,3,2.81,47.1,49.5,-0.040000000000003234,55.4,47.0,-8.5,57.32000000000001,56.14,17.635,7.0,27,33,High,0.0,0.345,0.654,High,True
STU0396,Noor Kumar,Mechanical,2.02,1,2.02,56.1,72.5,5.859999999999995,47.0,53.0,6.0,45.8,55.54,18.919333333333334,2.8,25,51,High,0.001,0.347,0.652,Medium,False
STU0269,Sneha Sharma,Electronics,1.97,0,1.97,39.1,37.5,1.7799999999999965,53.7,50.1,-3.6,56.760000000000005,57.08,12.7635,1.6,22,27,High,0.0,0.356,0.643,High,True
STU0332,Yasmin Verma,Civil,2.93,3,2.93,41.9,65.4,1.2999999999999992,51.2,49.2,-1.9,51.96,53.82000000000001,12.0515,7.9,6,35,High,0.001,0.358,0.641,Medium,False
STU0291,Fatima Miller,Mechanical,2.04,3,2.04,62.3,61.0,-0.8499999999999923,49.8,47.4,-2.4,55.52,56.5,19.010666666666665,9.0,17,51,High,0.0,0.368,0.632,High,True
STU0452,Vihaan Verma,Data Science,1.73,0,1.73,80.9,76.6,2.010000000000002,41.7,45.9,4.2,49.72,54.86,12.072,8.2,8,31,High,0.0,0.374,0.626,High,True
STU0456,Riya Kumar,Mechanical,2.4,3,2.4,69.2,65.6,5.979999999999992,52.8,42.0,-10.8,59.04,53.9,19.352833333333333,12.3,11,55,High,0.0,0.376,0.624,High,True
STU0317,Emma Verma,Electronics,2.29,0,2.29,40.8,20.6,1.4899999999999978,48.6,49.6,1.0,57.17999999999999,58.04,7.327166666666667,5.7,10,10,High,0.0,0.382,0.618,Medium,False
STU0146,Charlotte Khan,Civil,2.52,0,2.52,41.0,50.8,-0.3399999999999994,51.1,45.3,-5.8,57.17999999999999,55.3,18.986333333333334,1.9,33,41,High,0.0,0.389,0.611,High,True
STU0195,Omar Gupta,Civil,2.2,1,2.2,47.2,22.5,2.149999999999994,46.9,61.5,14.6,51.760000000000005,57.48,9.876499999999998,6.5,12,18,High,0.001,0.393,0.606,Medium,False
STU0253,Pooja Malik,Mechanical,1.84,0,1.84,45.2,29.8,4.1699999999999955,49.6,56.5,6.9,56.2,56.17999999999999,12.530166666666666,7.2,4,42,High,0.001,0.398,0.601,Medium,False
STU0493,Kavya Brown,Mathematics,2.06,6,2.06,51.2,53.3,7.429999999999997,71.1,60.5,-10.6,57.8,59.279999999999994,16.928833333333333,7.8,9,55,High,0.002,0.396,0.601,High,True
STU0482,Noor Ali,Mathematics,2.31,0,2.31,56.2,63.5,0.8999999999999957,51.7,48.4,-3.3,55.760000000000005,54.239999999999995,10.483333333333334,7.5,12,19,High,0.0,0.4,0.6,High,True
STU0270,Kavya Malik,Electronics,3.03,1,3.03,54.1,49.1,2.5499999999999945,51.9,44.5,-7.3,54.239999999999995,58.3,9.813000000000002,6.9,14,14,High,0.001,0.399,0.6,High,True
STU0240,Isabella Wilson,Electronics,1.71,0,1.71,46.2,39.2,-4.910000000000001,44.9,53.3,8.4,56.82000000000001,54.2,8.606166666666667,3.9,6,26,High,0.0,0.401,0.598,High,True
STU0268,Divya Nair,Data Science,3.25,3,3.25,15.5,35.6,5.479999999999999,54.5,52.9,-1.6,55.04,56.0,18.47866666666667,5.7,19,52,High,0.001,0.402,0.597,Medium,False
STU0028,Nandini Davis,Electronics,1.69,1,1.69,71.4,67.3,-3.4600000000000053,49.7,48.5,-1.2,58.120000000000005,53.08,11.842666666666668,6.2,17,21,High,0.0,0.407,0.593,Medium,False
STU0441,Riya Malik,Computer Science,3.72,3,3.72,39.0,61.5,4.2799999999999985,52.0,50.4,-1.6,53.720000000000006,49.7,17.499833333333335,3.7,19,51,High,0.001,0.407,0.591,High,True
STU0449,Emma Chaudhary,Computer Science,1.38,0,1.38,77.0,100.0,2.979999999999994,62.8,48.5,-14.3,54.7,58.480000000000004,12.229666666666667,10.1,13,21,High,0.0,0.413,0.586,Medium,False
STU0492,Olivia Jones,Mechanical,2.49,1,2.49,35.4,40.7,6.34,41.6,53.2,11.6,48.64,54.7,11.039166666666667,0.0,16,31,High,0.001,0.425,0.575,Medium,False
STU0398,Isabella Miller,Civil,1.81,2,1.81,40.4,55.7,8.059999999999999,53.5,42.5,-11.0,58.52,56.64,9.772666666666668,5.3,20,8,High,0.0,0.432,0.568,High,True
STU0457,Aarav Johnson,Electronics,2.35,0,2.35,62.8,71.9,5.61,61.6,51.3,-10.3,58.52,55.879999999999995,28.967666666666666,8.8,35,74,High,0.002,0.431,0.567,Medium,False
STU0211,Fatima Miller,Computer Science,1.82,4,1.82,45.7,40.0,1.409999999999999,33.2,42.5,9.4,60.0,47.7,10.8125,4.6,13,25,High,0.0,0.438,0.562,Medium,False
STU0219,Vijay Rao,Mechanical,1.67,5,1.67,69.4,66.9,2.089999999999992,44.8,33.3,-11.5,57.86,61.160000000000004,23.281166666666667,11.0,36,40,High,0.0,0.439,0.561,Medium,False
STU0377,Priya Rao,Electronics,2.01,1,2.01,63.6,64.4,-7.5299999999999985,46.5,43.5,-3.0,54.32000000000001,57.86,3.8876666666666666,0.0,10,4,High,0.0,0.451,0.549,High,True
STU0131,Mia Williams,Mathematics,1.47,1,1.47,57.9,50.1,0.5199999999999994,36.9,46.8,10.0,52.6,57.48,14.136500000000002,6.1,6,49,High,0.0,0.454,0.546,High,True
STU0129,Noah Davis,Mathematics,1.23,2,1.23,86.9,83.6,-2.0700000000000003,59.1,53.8,-5.3,60.52,55.120000000000005,17.56116666666667,12.0,10,48,High,0.001,0.458,0.541,Medium,False
STU0100,Priya Davis,Mechanical,2.12,0,2.12,56.2,71.9,3.9899999999999993,52.5,51.5,-1.0,52.96,54.64,8.785,2.2,12,21,High,0.001,0.474,0.526,Medium,False
STU0014,Amir Davis,Mechanical,2.51,0,2.51,61.9,50.3,-4.220000000000001,57.5,56.3,-1.2,58.739999999999995,56.56,11.322333333333333,6.1,28,2,High,0.001,0.474,0.524,Medium,False
STU0078,Kavya Taylor,Electronics,1.72,5,1.72,60.3,71.1,-0.48999999999999966,33.1,34.5,1.3,56.519999999999996,52.42,15.097000000000001,5.3,11,48,High,0.0,0.477,0.523,Medium,False
STU0102,Amara Shah,Civil,2.66,5,2.66,66.0,70.3,9.47,31.2,29.9,-1.3,54.58,51.42,17.875833333333336,8.7,27,31,High,0.0,0.491,0.509,Medium,False
STU0390,Leila Ali,Mechanical,1.0,0,1.0,69.1,68.3,4.53,54.5,53.1,-1.4,58.58,56.94,21.141333333333332,7.5,28,48,High,0.001,0.491,0.508,Medium,False
STU0237,Priya Joshi,Mathematics,2.81,2,2.81,30.8,17.0,5.159999999999996,50.7,58.5,7.7,59.379999999999995,55.879999999999995,28.092333333333336,5.8,35,76,High,0.003,0.495,0.502,Medium,False
STU0034,Ananya Rao,Mathematics,1.21,0,1.21,68.3,78.6,7.539999999999998,51.7,52.5,0.8,53.94,56.0,13.739500000000001,7.3,15,31,High,0.001,0.497,0.502,High,True
STU0322,Divya Ansari,Mechanical,2.13,6,2.13,48.4,30.1,-0.7000000000000064,68.2,63.6,-4.5,61.32000000000001,63.239999999999995,20.321,6.6,28,46,Medium,0.004,0.504,0.492,High,False
STU0243,Liam Reddy,Electronics,1.0,0,1.0,50.4,76.4,5.2600000000000025,52.1,53.3,1.3,55.44,56.4,18.426000000000002,6.1,19,51,Medium,0.0,0.509,0.49,High,False
STU0417,Liam Chaudhary,Data Science,1.95,0,1.95,88.8,71.9,-4.320000000000004,54.1,52.3,-1.8,59.580000000000005,56.080000000000005,19.310333333333336,9.8,9,63,Medium,0.001,0.509,0.49,Medium,True
STU0143,Noor Patel,Civil,2.49,1,2.49,46.0,26.2,0.7599999999999946,51.4,64.3,13.0,52.14,58.9,10.270833333333332,0.0,16,27,Medium,0.003,0.509,0.488,Medium,True
STU0303,Kavya Wilson,Data Science,1.35,0,1.35,58.3,66.3,0.7799999999999953,53.5,49.0,-4.5,58.08,60.32000000000001,15.416166666666665,7.9,24,25,Medium,0.0,0.529,0.47,High,False
STU0284,Sophia Malik,Data Science,2.28,0,2.28,81.7,56.9,-6.090000000000003,51.9,55.0,3.1,60.52,54.98,18.100000000000005,6.2,21,46,Medium,0.001,0.549,0.45,High,False
STU0073,Noor Mirza,Electronics,2.32,0,2.32,55.9,71.9,0.9899999999999997,58.7,49.0,-9.7,57.82000000000001,58.02,11.832666666666668,2.9,16,29,Medium,0.001,0.559,0.441,Medium,True
STU0368,Riya Wilson,Mechanical,1.9,0,1.9,55.7,35.9,-2.6100000000000056,52.1,53.2,1.1,60.46,64.44,22.754833333333334,13.9,31,39,Medium,0.002,0.559,0.439,High,False
STU0370,Hassan Nair,Computer Science,3.15,3,3.15,51.1,56.6,2.949999999999997,47.2,44.8,-2.4,57.86,54.839999999999996,7.732333333333333,8.7,14,0,Medium,0.001,0.581,0.418,High,False
STU0343,Vihaan Ahmed,Data Science,2.28,0,2.28,57.6,66.6,3.7299999999999995,49.2,54.0,4.8,55.02,54.379999999999995,10.171833333333336,5.5,7,29,Medium,0.001,0.586,0.413,Medium,True
STU0424,Ayaan Malik,Civil,1.79,0,1.79,56.7,55.9,0.29999999999999283,41.5,53.1,11.6,56.67999999999999,54.4,17.277,5.6,17,49,Medium,0.001,0.59,0.41,Medium,True
STU0299,Vihaan Ansari,Mechanical,2.81,2,2.81,24.6,45.1,-0.16999999999999996,59.4,47.5,-12.0,63.0,58.02,3.5313333333333334,4.0,3,5,Medium,0.001,0.591,0.408,High,False
STU0035,Omar Ahmed,Mathematics,1.6,0,1.6,94.7,81.4,1.5399999999999976,49.2,51.4,2.2,58.220000000000006,55.32000000000001,22.109833333333334,9.8,24,54,Medium,0.001,0.592,0.406,High,False
STU0475,Sophia Brown,Computer Science,1.87,0,1.87,58.0,55.2,-0.7200000000000039,50.2,52.8,2.6,58.9,56.54,11.2625,2.7,15,28,Medium,0.001,0.601,0.398,Medium,True
STU0017,Ishaan Rao,Electronics,1.69,1,1.69,56.1,56.6,0.8600000000000002,45.0,60.3,15.2,49.9,61.9,18.505499999999998,6.0,34,29,Medium,0.003,0.605,0.392,Medium,True
STU0120,Ananya Taylor,Mechanical,2.34,0,2.34,75.3,82.0,0.5999999999999968,58.7,45.6,-13.1,62.54,58.739999999999995,27.227833333333333,12.1,24,75,Medium,0.002,0.608,0.39,Medium,True
STU0301,Emma Patel,Data Science,1.74,1,1.74,50.3,52.1,-4.030000000000002,53.7,52.7,-0.9,58.279999999999994,62.82000000000001,8.889666666666667,5.5,8,21,Medium,0.001,0.611,0.388,Medium,True
STU0288,Neha Verma,Civil,3.02,3,3.02,82.0,46.9,-2.5900000000000074,46.4,48.8,2.4,59.919999999999995,58.42,21.806500000000003,10.9,27,46,Medium,0.003,0.615,0.382,High,False
STU0111,Omar Kumar,Electronics,3.38,1,3.38,54.0,56.0,1.8700000000000014,50.5,56.6,6.1,54.4,53.98,11.844666666666669,2.4,10,39,Medium,0.004,0.614,0.382,Medium,True
STU0451,Vihaan Ahmed,Mechanical,2.19,0,2.19,63.4,68.8,-5.779999999999993,55.2,52.6,-2.6,59.220000000000006,58.58,9.913666666666666,4.4,17,15,Medium,0.001,0.634,0.365,Medium,True
STU0403,Rahul Reddy,Mathematics,2.47,6,2.47,52.6,8.8,-0.13000000000000608,67.6,62.5,-5.1,64.96000000000001,63.4,3.471666666666667,1.1,4,9,Medium,0.004,0.636,0.361,High,False
STU0312,Riya Rao,Data Science,2.11,0,2.11,58.5,65.1,-2.349999999999997,38.8,49.0,10.2,55.56,56.14,15.907166666666667,5.6,20,38,Medium,0.001,0.655,0.345,High,False
STU0154,Zara Kumar,Data Science,1.66,2,1.66,57.0,46.5,5.2099999999999955,55.5,54.3,-1.3,63.0,59.04,11.8945,9.2,3,36,Medium,0.001,0.657,0.341,Medium,True
STU0091,Hassan Patel,Mathematics,1.65,0,1.65,68.0,67.5,0.6799999999999968,59.7,57.0,-2.7,60.42,60.42,16.735666666666667,7.6,24,32,Medium,0.003,0.658,0.34,Medium,True
STU0158,Rahul Jones,Civil,2.51,2,2.51,44.8,18.4,2.4199999999999946,61.0,48.3,-12.7,67.72,61.67999999999999,3.0763333333333334,3.0,6,0,Medium,0.001,0.659,0.34,Medium,True
STU0003,Sneha Verma,Mechanical,2.66,2,2.66,63.5,53.7,1.50999999999999,66.8,57.4,-9.4,63.58,59.6,16.149166666666666,5.5,8,57,Medium,0.005,0.661,0.334,Medium,True
STU0063,Anjali Williams,Mechanical,2.23,0,2.23,79.8,57.9,4.77,51.4,49.4,-2.0,61.78000000000001,57.92,15.024333333333335,11.8,18,24,Medium,0.002,0.666,0.332,High,False
STU0359,Arjun Mirza,Civil,2.67,3,2.67,26.2,20.8,6.779999999999998,55.7,57.3,1.6,60.839999999999996,59.9,9.757166666666667,3.4,17,16,Medium,0.003,0.667,0.33,Medium,True
STU0401,Rohan Ahmed,Mechanical,2.04,5,2.04,48.6,65.7,4.770000000000002,28.5,36.4,7.9,55.92,55.06,17.87683333333333,7.4,16,50,Medium,0.0,0.674,0.326,High,False
STU0184,Rohan Hassan,Civil,1.91,2,1.91,65.6,64.6,3.6800000000000015,44.7,44.4,-0.4,60.54,57.720000000000006,20.664,8.1,19,58,Medium,0.001,0.68,0.319,High,False
STU0419,Pooja Jones,Mathematics,2.28,0,2.28,81.0,69.7,6.549999999999997,47.6,48.4,0.9,56.02,59.64,17.541500000000003,9.3,21,37,Medium,0.003,0.684,0.314,High,False
STU0045,Pooja Gupta,Computer Science,1.41,0,1.41,64.8,59.0,-2.2600000000000042,63.2,61.1,-2.1,64.64000000000001,59.06,14.274166666666668,5.0,10,46,Medium,0.002,0.688,0.31,Medium,True
STU0051,Isabella Brown,Computer Science,2.32,3,2.32,38.7,40.7,5.289999999999995,50.7,50.2,-0.5,62.48,56.54,7.649333333333334,3.4,10,16,Medium,0.001,0.692,0.307,High,False
STU0307,Vivaan Patel,Mathematics,2.44,3,2.44,81.2,71.1,-8.309999999999997,53.6,53.3,-0.3,61.14000000000001,59.2,21.309,7.6,26,52,Medium,0.003,0.691,0.306,Medium,True
STU0216,Kiran Singh,Data Science,2.81,2,2.81,52.9,50.0,3.3599999999999985,50.7,58.6,7.9,58.8,55.35999999999999,17.207,6.3,16,49,Medium,0.006,0.69,0.304,High,False
STU0461,Olivia Jones,Mathematics,1.32,6,1.32,63.9,67.3,-4.670000000000002,56.8,58.4,1.6,61.879999999999995,61.06,16.975833333333334,9.4,33,16,Medium,0.002,0.694,0.304,High,False
STU0103,Divya Rao,Mechanical,2.03,4,2.03,69.0,79.9,-1.1300000000000034,52.3,50.2,-2.1,65.1,52.660000000000004,22.7785,8.9,27,55,Medium,0.001,0.696,0.303,Medium,True
STU0411,Rahul Verma,Data Science,2.47,1,2.47,53.8,51.4,5.429999999999994,43.0,55.1,12.0,53.6,57.08,6.734500000000001,4.5,9,11,Medium,0.002,0.695,0.302,Medium,True
STU0262,Yusuf Wilson,Computer Science,2.25,2,2.25,26.2,36.6,3.5300000000000016,52.3,52.7,0.4,62.4,57.120000000000005,7.846833333333334,0.0,10,24,Medium,0.001,0.698,0.301,Medium,True
STU0090,Vijay Hassan,Mathematics,2.0,0,2.0,48.8,59.1,1.9999999999999938,54.9,54.0,-0.9,59.839999999999996,61.32000000000001,13.149333333333333,9.5,10,31,Medium,0.002,0.697,0.3,Medium,True
STU0422,Olivia Joshi,Electronics,1.87,0,1.87,63.8,58.6,1.2300000000000024,52.8,57.8,5.0,59.42,60.44,18.55966666666667,10.6,18,44,Medium,0.004,0.697,0.299,Medium,True
STU0064,Charlotte Sharma,Data Science,2.07,0,2.07,44.9,68.4,1.510000000000002,43.8,46.6,2.8,57.0,58.52,15.712666666666667,4.4,9,56,Medium,0.001,0.709,0.29,High,False
STU0227,Tanvi Kumar,Mechanical,2.66,4,2.66,74.7,60.2,-2.4600000000000035,46.9,50.0,3.1,64.16,53.32000000000001,16.771166666666666,9.1,22,32,Medium,0.002,0.712,0.286,Medium,True
STU0309,Vihaan Ali,Computer Science,2.28,0,2.28,52.9,54.4,0.11999999999999787,60.4,55.6,-4.7,61.839999999999996,61.86,14.227833333333333,5.0,17,35,Medium,0.003,0.715,0.281,Medium,True
STU0239,Ananya Jones,Computer Science,1.96,4,1.96,65.0,64.3,-0.12999999999999795,41.7,51.9,10.2,59.56,56.160000000000004,20.509999999999998,9.9,24,46,Medium,0.002,0.72,0.278,Medium,True
STU0427,Divya Brown,Computer Science,2.18,3,2.18,45.9,49.5,0.9099999999999994,55.0,58.7,3.6,57.620000000000005,64.3,14.427666666666667,8.7,15,32,Medium,0.005,0.718,0.278,Medium,True
STU0046,Arjun Verma,Mechanical,2.44,0,2.44,65.2,46.7,-0.2500000000000026,49.6,51.6,2.0,62.9,58.94,14.431333333333335,9.0,4,48,Medium,0.002,0.725,0.273,Medium,True
STU0058,Ananya Smith,Civil,2.76,0,2.76,67.7,35.5,-3.000000000000007,55.3,55.2,-0.1,60.739999999999995,63.879999999999995,10.163666666666668,3.6,15,21,Medium,0.004,0.729,0.267,Medium,True
STU0176,Amara Siddiqui,Computer Science,3.15,4,3.15,69.9,69.4,-1.5099999999999971,46.6,40.5,-6.1,62.279999999999994,56.3,16.437833333333334,6.1,5,62,Medium,0.001,0.735,0.264,Medium,True
STU0285,Sophia Ali,Mechanical,1.69,5,1.69,82.3,55.4,3.42,33.7,45.6,11.9,58.14,59.98,20.111166666666666,13.0,14,53,Medium,0.001,0.74,0.259,Medium,True
STU0218,Olivia Joshi,Mathematics,1.94,0,1.94,70.3,68.2,-2.470000000000008,46.6,56.6,10.0,57.2,57.239999999999995,11.524666666666668,3.1,28,9,Medium,0.002,0.74,0.257,Medium,True
STU0122,Shreya Johnson,Computer Science,2.21,3,2.21,65.1,61.9,-6.700000000000003,57.6,59.4,1.8,60.85999999999999,61.839999999999996,10.371666666666666,8.3,10,20,Medium,0.004,0.741,0.255,Medium,True
STU0348,Tanvi Malik,Electronics,1.82,0,1.82,50.5,67.6,-1.4899999999999958,56.7,51.8,-4.9,63.08,60.279999999999994,15.232000000000001,3.7,18,41,Medium,0.001,0.749,0.25,Medium,True
STU0474,Kiran Shah,Data Science,1.5,1,1.5,82.8,75.4,-1.9100000000000055,59.2,59.7,0.4,62.48,60.720000000000006,21.734833333333334,9.4,29,46,Medium,0.005,0.745,0.25,Medium,True
STU0415,Tanvi Reddy,Civil,2.93,0,2.93,34.6,27.9,-1.1100000000000005,53.9,55.0,1.1,62.3,63.279999999999994,13.6055,5.8,16,32,Medium,0.004,0.75,0.246,Medium,True
STU0095,Vijay Davis,Computer Science,3.05,5,3.05,56.3,55.8,0.42000000000000115,38.4,39.9,1.5,60.120000000000005,56.839999999999996,13.969333333333333,4.9,11,43,Medium,0.001,0.754,0.245,Medium,True
STU0386,Sneha Moore,Mechanical,2.78,2,2.78,36.7,4.5,-1.840000000000004,57.8,54.7,-3.1,68.16,63.02,6.989000000000001,1.4,6,23,Medium,0.002,0.753,0.245,High,False
STU0460,Aryan Shah,Electronics,2.28,2,2.28,43.6,45.8,5.550000000000001,50.2,50.3,0.1,62.86,60.42,18.651500000000002,8.9,22,42,Medium,0.003,0.754,0.244,High,False
STU0087,Sophia Mirza,Mathematics,1.83,0,1.83,70.1,78.2,2.3600000000000003,48.4,46.5,-1.9,60.48,59.68000000000001,22.806,6.9,17,74,Medium,0.001,0.757,0.242,High,False
STU0238,Aarav Taylor,Data Science,2.03,6,2.03,68.0,63.0,2.9199999999999946,71.9,68.6,-3.3,62.86,60.64000000000001,18.800833333333333,3.3,10,72,Medium,0.018,0.745,0.238,High,False
STU0205,Vihaan Khan,Data Science,2.5,5,2.5,55.2,72.1,1.0100000000000053,36.8,41.4,4.6,54.760000000000005,58.7,10.971833333333333,2.6,21,18,Medium,0.001,0.762,0.238,Medium,True
STU0466,Fatima Wilson,Mechanical,1.72,1,1.72,46.5,70.8,8.630000000000003,46.7,52.9,6.2,54.760000000000005,63.25999999999999,20.877833333333335,12.4,16,55,Medium,0.004,0.76,0.237,Medium,True
STU0442,Aditya Chaudhary,Mathematics,1.24,0,1.24,70.4,62.8,3.8599999999999905,55.7,60.2,4.5,62.02,61.42,21.8945,10.0,14,68,Medium,0.005,0.765,0.231,Medium,True
STU0379,Vihaan Chaudhary,Mathematics,2.24,2,2.24,59.4,49.7,-0.30000000000000515,57.5,54.2,-3.3,65.58,60.54,11.302999999999999,5.5,6,36,Medium,0.003,0.783,0.214,Medium,True
STU0020,Riya Chaudhary,Electronics,2.26,2,2.26,46.3,47.8,2.480000000000001,48.2,53.7,5.5,61.1,59.4,10.868333333333334,5.0,16,20,Medium,0.002,0.786,0.211,Medium,True
STU0293,Hassan Singh,Data Science,2.92,3,2.92,67.7,52.3,-5.2500000000000036,67.9,60.9,-7.0,68.16,61.94,22.778000000000002,9.1,28,53,Medium,0.019,0.771,0.21,Medium,True
STU0030,Ava Jones,Electronics,2.03,1,2.03,39.9,50.9,3.5499999999999967,48.4,61.0,12.6,55.82000000000001,65.03999999999999,20.324666666666666,12.2,19,48,Medium,0.009,0.782,0.209,Medium,True
STU0109,Pooja Hassan,Civil,1.51,2,1.51,62.7,54.2,0.5499999999999987,63.7,54.4,-9.3,69.02000000000001,63.279999999999994,12.026833333333336,8.5,13,23,Medium,0.002,0.796,0.202,Medium,True
STU0361,Rahul Johnson,Mathematics,2.04,0,2.04,69.5,49.1,2.9599999999999933,60.1,57.7,-2.4,65.14,63.92,16.63266666666667,11.8,2,56,Medium,0.008,0.791,0.201,Medium,True
STU0228,Aryan Davis,Electronics,2.08,6,2.08,49.9,31.8,0.8199999999999993,65.3,68.4,3.1,64.16,64.16,17.457833333333333,2.1,25,45,Medium,0.015,0.788,0.197,High,False
STU0152,Emma Moore,Electronics,3.02,0,3.02,35.9,8.2,3.139999999999997,59.8,60.2,0.4,63.9,66.46,7.421166666666666,4.1,19,0,Medium,0.012,0.797,0.191,Medium,True
STU0447,Aarav Sharma,Electronics,2.42,0,2.42,50.9,72.0,1.8099999999999996,51.9,48.0,-3.9,60.96,62.94,20.232666666666667,9.8,0,81,Medium,0.003,0.807,0.19,Medium,True
STU0385,Anjali Siddiqui,Computer Science,2.02,5,2.02,59.2,71.2,-5.200000000000005,44.9,37.5,-7.4,63.96,63.24000000000001,11.818833333333332,7.1,9,31,Medium,0.0,0.813,0.187,Medium,True
STU0486,Vihaan Taylor,Electronics,2.92,4,2.92,42.4,65.7,5.9300000000000015,54.0,52.2,-1.9,63.14,57.7,25.062166666666663,7.6,35,57,Medium,0.008,0.807,0.185,Medium,True
STU0425,Tariq Ahmed,Computer Science,1.57,2,1.57,60.4,58.6,-5.519999999999997,47.5,56.8,9.3,61.760000000000005,61.58,17.081166666666668,4.9,20,45,Medium,0.002,0.814,0.184,High,False
STU0321,Nandini Kumar,Computer Science,3.42,3,3.42,43.7,13.1,-3.950000000000005,53.5,62.0,8.5,65.17999999999999,60.75999999999999,14.857833333333334,2.3,27,29,Medium,0.013,0.806,0.18,Medium,True
STU0155,Hassan Ansari,Mechanical,1.33,5,1.33,68.3,41.0,4.0599999999999925,33.8,37.3,3.4,63.7,63.44,11.730666666666668,7.2,13,24,Medium,0.0,0.821,0.178,Medium,True
STU0022,Olivia Moore,Computer Science,3.35,5,3.35,56.2,67.4,-1.6800000000000035,32.6,38.2,5.7,57.17999999999999,58.739999999999995,18.267333333333337,5.5,14,59,Medium,0.001,0.822,0.176,Medium,True
STU0290,Riya Williams,Mechanical,3.1,0,3.1,66.9,49.4,-1.3300000000000058,54.7,52.5,-2.1,63.35999999999999,61.260000000000005,9.291,4.6,10,22,Medium,0.006,0.818,0.176,Medium,True
STU0465,Vihaan Kumar,Computer Science,1.95,1,1.95,55.2,60.0,0.34000000000000374,62.8,59.3,-3.5,60.58,67.88,12.019166666666667,6.0,11,31,Medium,0.007,0.818,0.175,Medium,True
STU0190,Anjali Ansari,Civil,1.95,5,1.95,60.1,72.3,-0.49999999999999933,29.7,36.9,7.3,60.459999999999994,59.56,26.078166666666668,8.9,36,58,Medium,0.001,0.828,0.171,Medium,True
STU0479,Sophia Malik,Mechanical,2.98,0,2.98,25.0,24.0,7.029999999999999,60.1,56.5,-3.7,63.239999999999995,66.14000000000001,12.388333333333332,3.7,23,20,Medium,0.01,0.819,0.171,Medium,True
STU0104,Yusuf Chaudhary,Mathematics,2.12,1,2.12,52.6,67.2,-2.389999999999997,48.2,61.4,13.2,57.2,62.08,17.005333333333333,9.5,19,37,Medium,0.009,0.824,0.168,Medium,True
STU0112,Olivia Patel,Civil,1.7,5,1.7,52.6,44.3,8.769999999999992,34.4,42.2,7.8,62.9,60.279999999999994,22.133333333333333,6.7,25,59,Medium,0.001,0.839,0.16,Medium,True
STU0484,Isabella Williams,Mathematics,2.79,0,2.79,62.1,39.0,1.439999999999993,57.6,62.4,4.9,62.3,62.779999999999994,8.803833333333333,5.4,16,9,Medium,0.018,0.827,0.155,Medium,True
STU0267,Shreya Chaudhary,Civil,1.58,1,1.58,53.7,72.1,7.529999999999995,48.5,62.8,14.2,55.120000000000005,63.220000000000006,20.267166666666668,11.1,33,29,Medium,0.015,0.833,0.152,Medium,True
STU0298,Divya Wilson,Computer Science,2.25,0,2.25,75.2,78.9,2.889999999999991,49.6,48.8,-0.8,63.379999999999995,60.04,25.820333333333334,9.7,38,52,Medium,0.005,0.843,0.151,High,False
STU0150,Riya Joshi,Electronics,1.87,2,1.87,35.3,58.0,10.22,64.1,55.7,-8.4,67.1,62.92,23.493333333333332,6.0,32,57,Medium,0.007,0.844,0.149,Medium,True
STU0182,Aarav Ali,Mathematics,2.69,4,2.69,65.1,44.7,1.2299999999999995,50.0,61.0,11.0,65.22,55.17999999999999,17.481333333333335,3.3,27,40,Medium,0.011,0.841,0.148,Medium,True
STU0444,Charlotte Ali,Electronics,3.6,1,3.6,68.3,64.3,-4.8100000000000005,54.0,55.6,1.6,60.14,63.06,16.22116666666667,8.8,12,45,Medium,0.02,0.836,0.144,Medium,True
STU0007,Vihaan Shah,Computer Science,2.9,2,2.9,53.4,52.1,-2.270000000000001,59.2,60.3,1.1,64.66,61.06,16.276666666666667,3.3,31,28,Medium,0.014,0.843,0.143,Medium,True
STU0002,Neha Shah,Mathematics,2.34,0,2.34,44.0,56.0,7.470000000000002,59.9,56.5,-3.4,63.64,62.720000000000006,9.807500000000001,6.3,6,27,Medium,0.007,0.852,0.14,Medium,True
STU0384,Vihaan Joshi,Mechanical,2.9,2,2.9,65.5,58.2,0.5399999999999949,62.9,52.3,-10.6,67.22,61.94,8.021333333333335,3.5,1,31,Medium,0.006,0.857,0.138,Medium,True
STU0054,Yusuf Brown,Mechanical,1.62,2,1.62,56.1,65.3,4.269999999999999,58.6,59.6,1.1,62.879999999999995,63.779999999999994,14.734000000000002,6.8,27,19,Medium,0.008,0.855,0.137,Medium,True
STU0306,Divya Sharma,Data Science,2.94,3,2.94,53.3,68.9,5.909999999999997,57.4,49.3,-8.1,65.74,62.48,24.156499999999998,13.1,30,49,Medium,0.013,0.852,0.135,Medium,True
STU0086,Mia Nair,Computer Science,2.17,0,2.17,60.8,75.0,2.82,59.5,54.9,-4.7,64.38,63.64,14.2025,12.9,7,34,Medium,0.009,0.858,0.133,Medium,True
STU0289,Anjali Siddiqui,Computer Science,2.64,6,2.64,62.7,61.9,-1.5700000000000016,69.7,66.7,-2.9,64.46000000000001,64.1,16.986833333333337,4.7,18,48,Medium,0.034,0.834,0.131,High,False
STU0016,Meera Joshi,Mechanical,2.6,2,2.6,89.0,69.4,-4.590000000000007,53.7,50.5,-3.2,67.34,60.64,19.5845,7.5,13,63,Medium,0.005,0.864,0.131,Medium,True
STU0314,Sneha Miller,Mechanical,1.56,0,1.56,50.5,28.0,4.869999999999996,50.8,62.5,11.8,62.540000000000006,65.8,12.528500000000001,3.8,9,41,Medium,0.006,0.869,0.125,Medium,True
STU0282,Krishna Verma,Computer Science,2.61,2,2.61,22.3,0.0,9.079999999999995,72.2,59.3,-12.9,73.62,69.06,12.560833333333335,2.6,14,36,Medium,0.013,0.867,0.12,Medium,True
STU0375,Aditya Sharma,Mechanical,1.76,6,1.76,43.4,56.7,-0.019999999999998002,77.3,68.8,-8.6,69.7,67.17999999999999,14.794166666666666,8.7,6,47,Medium,0.022,0.859,0.119,Medium,True
STU0499,Yusuf Rao,Mathematics,2.89,0,2.89,34.6,27.1,3.9599999999999995,59.9,57.0,-2.9,67.3,64.86,5.365000000000001,5.5,9,2,Medium,0.01,0.873,0.118,Medium,True
STU0194,Reyansh Verma,Computer Science,1.05,0,1.05,65.7,58.6,1.5199999999999962,52.4,56.3,3.9,66.2,63.04,14.609833333333334,4.2,20,34,Medium,0.002,0.881,0.117,Medium,True
STU0455,Noah Sharma,Mechanical,2.62,0,2.62,24.0,35.6,3.7299999999999964,70.9,61.9,-8.9,68.38,69.46000000000001,19.342,8.4,25,42,Medium,0.026,0.857,0.117,Medium,True
STU0436,Aryan Miller,Computer Science,3.1,1,3.1,64.1,59.1,1.1200000000000008,57.9,60.3,2.4,61.5,63.120000000000005,9.345,8.2,2,27,Medium,0.025,0.859,0.116,Medium,True
STU0151,Ayaan Ahmed,Mathematics,2.65,0,2.65,64.2,55.2,-1.520000000000004,56.4,59.3,2.9,63.260000000000005,63.7,14.559333333333333,4.7,18,36,Medium,0.013,0.87,0.116,Medium,True
STU0346,Fatima Siddiqui,Data Science,2.31,2,2.31,55.8,63.4,6.0500000000000025,59.5,54.1,-5.4,66.32000000000001,62.4,16.96366666666667,6.2,38,15,Medium,0.01,0.875,0.115,Medium,True
STU0311,Vijay Singh,Computer Science,2.76,3,2.76,63.5,53.7,-0.1300000000000011,57.2,57.4,0.2,64.66,64.91999999999999,18.67683333333333,6.6,21,48,Medium,0.017,0.876,0.108,Medium,True
STU0021,Shreya Hassan,Data Science,2.0,0,2.0,49.4,71.8,3.6899999999999977,66.6,66.7,0.1,63.48,66.0,24.466,10.2,33,52,Medium,0.043,0.852,0.105,Medium,True
STU0019,Vijay Ali,Computer Science,1.75,2,1.75,66.3,72.4,2.049999999999995,57.4,52.0,-5.5,68.6,65.22,23.948333333333334,13.4,19,64,Medium,0.007,0.891,0.102,Medium,True
STU0362,Hassan Williams,Mechanical,2.41,4,2.41,65.9,83.6,4.139999999999993,51.3,51.0,-0.3,67.1,58.25999999999999,24.56716666666667,13.8,23,60,Medium,0.01,0.891,0.099,Medium,True
STU0440,Suresh Davis,Electronics,2.71,2,2.71,64.6,62.1,-0.06000000000000435,63.7,50.0,-13.6,70.1,65.08,17.777833333333334,5.0,27,38,Medium,0.008,0.893,0.099,Medium,True
STU0429,Vijay Khan,Civil,3.13,0,3.13,46.7,51.5,2.8199999999999985,60.7,60.5,-0.1,61.620000000000005,66.03999999999999,12.854833333333334,3.5,8,45,Medium,0.026,0.876,0.098,Medium,True
STU0320,Lakshmi Smith,Data Science,2.1,6,2.1,50.8,65.3,3.4099999999999993,64.1,60.9,-3.2,65.96000000000001,65.86,19.085833333333333,8.9,18,50,Medium,0.019,0.885,0.096,High,False
STU0353,Arjun Malik,Mathematics,3.4,5,3.4,54.7,41.0,1.359999999999997,32.4,40.1,7.7,63.220000000000006,62.04,18.98616666666667,8.3,14,57,Medium,0.003,0.901,0.096,Medium,True
STU0169,Yusuf Mirza,Civil,3.15,0,3.15,35.8,17.8,-1.7399999999999998,69.1,56.6,-12.5,73.84,67.46000000000001,6.808,1.1,7,21,Medium,0.009,0.898,0.092,Medium,True
STU0366,Sophia Brown,Mechanical,1.68,1,1.68,49.9,39.5,-1.810000000000004,58.5,69.5,11.0,63.379999999999995,69.14,13.865000000000002,5.9,12,39,Medium,0.019,0.893,0.088,Medium,True
STU0029,Aarav Brown,Data Science,1.46,0,1.46,56.6,59.3,-0.07000000000000466,64.6,63.1,-1.5,68.94,65.88,17.140333333333334,4.8,11,59,Medium,0.009,0.905,0.086,Medium,True
STU0278,Suresh Mirza,Mathematics,3.54,3,3.54,71.2,50.4,-4.839999999999999,59.4,63.2,3.8,63.67999999999999,65.7,16.331,7.3,11,50,Medium,0.059,0.856,0.085,Medium,True
STU0412,Reyansh Gupta,Mechanical,3.04,3,3.04,65.0,59.0,0.7499999999999966,54.9,59.0,4.1,65.64,60.04,9.813500000000001,6.5,19,7,Medium,0.022,0.896,0.082,Medium,True
STU0409,Leila Rao,Data Science,2.43,0,2.43,56.4,57.9,-2.76,64.7,62.1,-2.6,69.4,63.220000000000006,9.754,4.7,4,33,Medium,0.014,0.905,0.081,Medium,True
STU0107,Kavya Shah,Data Science,2.57,4,2.57,56.7,58.4,0.3399999999999938,48.8,61.1,12.4,64.88,58.279999999999994,12.484,6.2,7,39,Medium,0.013,0.908,0.079,Medium,True
STU0337,Aarav Sharma,Mathematics,1.69,2,1.69,63.2,65.7,1.9800000000000022,60.0,58.6,-1.4,69.88000000000001,64.7,22.059833333333334,11.0,17,62,Medium,0.012,0.909,0.078,Medium,True
STU0224,Suresh Ansari,Mathematics,2.1,1,2.1,68.0,45.2,2.0699999999999927,56.7,60.3,3.6,65.82000000000001,66.7,7.692666666666666,5.5,18,0,Medium,0.014,0.91,0.076,Medium,True
STU0302,Ava Singh,Computer Science,2.27,4,2.27,59.9,63.3,8.649999999999997,49.4,51.7,2.2,69.52000000000001,57.220000000000006,21.3015,6.1,21,62,Medium,0.007,0.919,0.074,Medium,True
STU0383,Aryan Moore,Mathematics,3.17,2,3.17,59.3,28.8,5.5299999999999985,52.0,60.0,7.9,68.04,60.2,15.764000000000003,3.3,16,48,Medium,0.026,0.899,0.074,Medium,True
STU0106,Isabella Ahmed,Civil,2.06,2,2.06,64.6,62.2,8.799999999999994,57.4,61.1,3.7,66.02000000000001,64.36,25.874166666666667,10.9,22,74,Medium,0.035,0.892,0.073,Medium,True
STU0133,Vivaan Patel,Civil,2.43,0,2.43,80.9,76.7,-6.649999999999999,61.0,52.5,-8.5,69.3,66.82000000000001,16.984166666666667,6.5,23,37,Medium,0.01,0.922,0.069,Medium,True
STU0491,Aryan Ansari,Electronics,2.1,5,2.1,65.8,78.9,-1.439999999999996,37.3,38.3,1.0,63.879999999999995,66.16,17.029,11.5,17,36,Medium,0.001,0.93,0.069,Medium,True
STU0358,Ishaan Taylor,Mathematics,2.86,0,2.86,100.0,82.2,-8.020000000000007,62.0,60.5,-1.6,69.78,63.32000000000001,24.849833333333333,14.2,38,38,Medium,0.064,0.868,0.068,Medium,True
STU0334,Liam Chaudhary,Data Science,2.0,0,2.0,72.2,61.7,1.4099999999999946,54.0,67.3,13.4,63.720000000000006,66.38,24.9065,15.4,28,51,Medium,0.069,0.865,0.066,Medium,True
STU0142,Yusuf Malik,Mathematics,2.75,5,2.75,43.5,64.4,11.599999999999996,42.4,36.3,-6.0,63.279999999999994,67.9,19.44516666666667,10.0,19,48,Medium,0.003,0.932,0.064,Medium,True
STU0167,Amir Verma,Mathematics,2.15,6,2.15,71.6,68.9,-0.550000000000008,76.5,73.8,-2.7,67.66,67.52000000000001,13.539333333333333,9.4,7,38,Medium,0.102,0.834,0.064,High,False
STU0076,Arjun Patel,Electronics,3.28,2,3.28,36.6,63.1,7.13,53.6,49.7,-3.9,65.08,62.96,10.806000000000001,4.9,10,29,Medium,0.011,0.927,0.062,High,False
STU0198,Shreya Moore,Mechanical,2.68,0,2.68,63.9,64.0,-1.600000000000004,65.7,63.3,-2.4,69.02000000000001,66.36,24.298,8.3,37,49,Medium,0.058,0.881,0.061,Medium,True
STU0338,Reyansh Nair,Mechanical,3.55,2,3.55,68.6,56.6,-8.09,69.5,59.7,-9.8,73.36,64.34,17.026500000000002,2.8,26,40,Medium,0.039,0.902,0.059,Medium,True
STU0132,Fatima Williams,Electronics,3.11,0,3.11,31.8,64.1,8.300000000000004,53.4,51.2,-2.2,65.67999999999999,63.14,10.565166666666666,9.0,5,27,Medium,0.014,0.93,0.057,Medium,True
STU0296,Neha Shah,Data Science,2.84,5,2.84,62.5,50.1,1.1699999999999953,42.3,49.5,7.2,63.36,68.58,21.740166666666667,7.9,31,46,Medium,0.013,0.933,0.054,Medium,True
STU0039,Neha Mirza,Data Science,2.56,0,2.56,45.3,44.4,2.6500000000000004,63.9,60.0,-3.8,69.46000000000001,68.64,12.806000000000001,3.8,14,35,Medium,0.022,0.927,0.052,Medium,True
STU0431,Tanvi Moore,Mechanical,2.19,0,2.19,83.1,70.0,-1.2900000000000071,63.5,57.8,-5.7,70.0,68.02000000000001,22.190000000000005,5.3,11,83,Medium,0.02,0.929,0.05,Medium,True
STU0247,Tariq Verma,Civil,1.62,6,1.62,50.7,33.8,4.6899999999999915,79.9,73.8,-6.0,73.96,71.46000000000001,15.244666666666667,3.9,16,44,Medium,0.065,0.886,0.049,Medium,True
STU0372,Kavya Kumar,Mechanical,1.64,1,1.64,50.9,60.3,3.440000000000001,55.0,69.4,14.3,61.42,69.97999999999999,18.5995,10.2,12,54,Medium,0.046,0.906,0.048,Medium,True
STU0277,Rahul Nair,Electronics,2.68,4,2.68,65.4,53.2,1.8799999999999923,57.5,54.6,-2.9,71.82000000000001,61.720000000000006,7.874333333333334,0.0,0,39,Medium,0.008,0.945,0.047,Medium,True
STU0226,Charlotte Sharma,Mechanical,2.96,0,2.96,25.3,19.5,9.359999999999996,63.5,59.6,-3.9,71.92,68.72,19.603833333333338,1.8,28,52,Medium,0.035,0.919,0.045,Medium,True
STU0172,Sophia Ansari,Mechanical,2.68,2,2.68,50.7,60.3,-0.11000000000000233,57.3,58.6,1.3,69.52000000000001,64.96000000000001,16.39666666666667,6.8,16,44,Medium,0.022,0.935,0.043,Medium,True
STU0225,Liam Williams,Civil,2.03,0,2.03,56.5,47.6,12.339999999999993,51.8,62.6,10.9,66.17999999999999,66.17999999999999,21.925,11.3,21,55,Medium,0.05,0.908,0.042,Medium,True
STU0008,Fatima Johnson,Computer Science,1.94,6,1.94,75.0,70.9,-0.850000000000005,72.9,73.1,0.2,69.9,69.12,20.90866666666667,13.3,23,43,Medium,0.145,0.814,0.041,High,False
STU0074,Sophia Miller,Data Science,2.35,4,2.35,55.6,63.2,-1.719999999999998,48.2,54.1,5.9,71.58,59.58,12.230833333333333,4.9,20,21,Medium,0.006,0.953,0.041,Medium,True
STU0305,Noor Khan,Computer Science,3.02,0,3.02,63.1,74.6,-0.7499999999999903,60.1,56.7,-3.4,68.02000000000001,65.94,15.427833333333334,7.2,16,38,Medium,0.033,0.927,0.04,Medium,True
STU0496,Sneha Malik,Civil,2.33,0,2.33,69.8,78.1,-0.28000000000000413,64.0,53.4,-10.6,71.38000000000001,68.52000000000001,15.706833333333334,8.0,12,44,Medium,0.016,0.945,0.039,Medium,True
STU0236,Zara Malik,Mechanical,2.96,1,2.96,64.1,49.3,0.33000000000000407,69.8,74.5,4.8,64.9,69.46000000000001,10.923,5.6,8,31,Medium,0.185,0.775,0.039,Low,False
STU0271,Yasmin Patel,Mechanical,2.08,2,2.08,56.9,54.3,5.159999999999999,54.6,63.4,8.9,66.78,65.9,12.368166666666667,6.6,12,30,Medium,0.029,0.933,0.038,Medium,True
STU0175,Rohan Jones,Computer Science,3.77,2,3.77,47.2,59.7,6.929999999999994,55.7,57.5,1.8,63.92,67.1,23.923166666666667,9.0,20,71,Medium,0.101,0.861,0.038,Medium,True
STU0258,Ishaan Miller,Mathematics,2.91,2,2.91,29.1,44.9,5.739999999999998,65.0,66.6,1.6,69.06,67.86,13.693333333333335,8.9,4,44,Medium,0.079,0.885,0.036,Medium,True
STU0141,Ava Williams,Data Science,2.6,2,2.6,31.3,21.6,10.679999999999994,60.4,62.7,2.2,70.26,69.4,18.768833333333333,0.6,20,62,Medium,0.04,0.926,0.034,Medium,True
STU0347,Ayaan Verma,Electronics,2.61,6,2.61,34.0,61.6,3.17,73.2,67.4,-5.8,69.72,70.47999999999999,20.415000000000003,6.2,18,62,Medium,0.088,0.878,0.034,Medium,True
STU0264,Ava Mirza,Mathematics,2.73,5,2.73,68.6,50.3,0.009999999999999115,45.4,48.1,2.7,68.34,69.64,15.967,8.1,22,30,Medium,0.011,0.955,0.033,Medium,True
STU0223,Mia Johnson,Electronics,1.96,2,1.96,69.4,58.7,-3.8300000000000027,62.9,63.4,0.5,71.4,69.66,9.886833333333334,6.6,16,12,Medium,0.026,0.942,0.033,Medium,True
STU0344,Neha Johnson,Computer Science,2.83,4,2.83,64.3,89.5,-4.640000000000008,56.7,48.8,-7.9,72.32000000000001,65.56,20.657999999999998,8.1,33,37,Medium,0.014,0.957,0.029,Medium,True
STU0183,Pooja Shah,Electronics,2.76,6,2.76,50.7,69.3,-1.880000000000001,78.0,72.0,-6.0,70.67999999999999,70.22,18.264666666666663,5.8,16,55,Medium,0.159,0.813,0.027,Medium,True
STU0408,Zara Ansari,Electronics,2.61,0,2.61,49.2,43.7,1.9699999999999938,70.5,59.5,-11.0,74.94,70.8,6.6000000000000005,1.0,1,29,Medium,0.023,0.95,0.027,Medium,True
STU0192,Vijay Davis,Data Science,2.37,1,2.37,73.1,77.9,3.8699999999999988,63.7,66.6,2.8,65.94000000000001,69.7,20.040499999999998,9.7,24,44,Medium,0.13,0.844,0.026,Medium,True
STU0265,Kavya Siddiqui,Civil,1.8,2,1.8,46.6,61.8,8.06,67.4,58.8,-8.6,74.74,70.58,22.65,8.6,23,61,Medium,0.031,0.943,0.026,Medium,True
STU0471,Hassan Rao,Mechanical,2.75,0,2.75,59.0,50.8,-1.9400000000000042,59.8,56.2,-3.7,73.46000000000001,71.7,22.75,8.3,13,77,Medium,0.033,0.941,0.025,Medium,True
STU0060,Rohan Rao,Data Science,3.45,0,3.45,32.1,0.0,4.319999999999993,63.3,66.9,3.5,72.4,73.52000000000001,9.540333333333333,4.7,0,38,Medium,0.111,0.867,0.023,Medium,True
STU0170,Shreya Malik,Electronics,1.55,5,1.55,82.7,100.0,4.919999999999998,30.6,45.1,14.5,60.3,67.97999999999999,26.499833333333335,11.7,27,68,Medium,0.007,0.97,0.023,Medium,True
STU0350,Lakshmi Wilson,Electronics,2.88,2,2.88,34.9,15.8,-1.9400000000000026,70.5,68.6,-1.9,74.92,75.24,9.238666666666667,5.6,7,24,Medium,0.084,0.893,0.023,Medium,True
STU0140,Sophia Chaudhary,Civil,2.64,4,2.64,70.1,64.6,1.6600000000000008,57.4,55.9,-1.5,72.14,68.82000000000001,26.180666666666667,6.1,24,82,Medium,0.04,0.938,0.022,Medium,True
STU0126,Tariq Johnson,Electronics,1.51,1,1.51,82.7,80.6,0.2499999999999912,70.8,68.3,-2.5,71.5,73.2,18.503999999999998,12.4,18,40,Medium,0.098,0.881,0.021,Medium,True
STU0013,Aarav Smith,Civil,2.7,6,2.7,56.0,52.1,1.4499999999999975,65.6,71.5,6.0,70.2,66.6,3.827666666666667,3.6,1,10,Medium,0.097,0.883,0.021,Medium,True
STU0048,Amara Mirza,Mechanical,2.38,2,2.38,51.3,16.4,-6.180000000000002,70.8,65.3,-5.5,81.08,75.32000000000001,11.988166666666666,5.8,2,45,Medium,0.04,0.941,0.02,Medium,True
STU0085,Liam Williams,Computer Science,2.35,0,2.35,64.4,58.3,-7.459999999999998,59.3,65.3,6.0,71.36,70.54,14.194,6.1,11,42,Medium,0.043,0.937,0.02,Medium,True
STU0248,Mia Rao,Data Science,2.61,0,2.61,43.6,63.0,3.7100000000000017,62.1,67.1,5.0,68.74,66.8,7.003333333333333,2.8,8,17,Medium,0.063,0.918,0.019,Medium,True
STU0049,Ishaan Taylor,Computer Science,3.13,2,3.13,50.1,63.9,0.3799999999999967,60.6,54.7,-5.9,73.58,69.82000000000001,20.077666666666666,9.2,25,44,Medium,0.05,0.931,0.019,Medium,True
STU0327,Aarav Joshi,Civil,3.04,0,3.04,44.2,46.5,-7.709999999999997,60.4,64.1,3.7,68.88000000000001,73.58,7.0101666666666675,2.7,14,8,Medium,0.048,0.933,0.019,Medium,True
STU0119,Ishaan Nair,Mechanical,1.15,6,1.15,74.5,92.9,3.0700000000000047,76.6,66.7,-9.9,74.56,74.26,22.946666666666665,14.6,22,52,Medium,0.095,0.887,0.018,Medium,True
STU0055,Sneha Verma,Computer Science,3.15,1,3.15,32.4,44.2,5.249999999999999,59.2,70.9,11.8,62.35999999999999,72.16,14.5425,0.2,10,57,Medium,0.156,0.826,0.017,Medium,True
STU0472,Mia Siddiqui,Mechanical,3.28,6,3.28,23.8,32.5,0.6499999999999996,64.5,71.4,6.8,70.44,71.24,10.454166666666666,6.9,10,23,Medium,0.164,0.819,0.017,High,False
STU0244,Charlotte Brown,Computer Science,2.97,3,2.97,61.1,74.8,0.3600000000000059,67.0,71.7,4.7,65.88,69.46000000000001,15.116166666666667,6.1,28,21,Medium,0.24,0.743,0.017,Medium,True
STU0127,Kiran Davis,Electronics,2.36,2,2.36,44.1,49.5,2.140000000000005,65.8,64.8,-1.1,74.82000000000001,71.7,12.518333333333334,8.0,4,40,Medium,0.061,0.923,0.016,Medium,True
STU0206,Lakshmi Rao,Mathematics,2.18,0,2.18,55.6,72.1,2.0599999999999956,55.8,63.8,7.9,68.26,69.4,16.352333333333334,6.8,13,48,Medium,0.053,0.932,0.016,Medium,True
STU0229,Mia Hassan,Mechanical,2.67,0,2.67,82.1,67.6,-5.459999999999997,62.6,64.0,1.4,71.56,72.47999999999999,15.519833333333334,10.1,2,54,Medium,0.094,0.891,0.016,Medium,True
STU0113,Sneha Rao,Civil,3.58,0,3.58,76.7,62.1,0.7699999999999899,61.0,57.8,-3.1,71.47999999999999,69.47999999999999,13.782333333333332,6.5,13,36,Medium,0.106,0.878,0.015,Medium,True
STU0393,Vivaan Ahmed,Electronics,2.87,3,2.87,54.7,59.7,0.5999999999999931,67.2,72.0,4.8,71.3,68.24,9.980833333333335,8.8,6,23,Medium,0.186,0.799,0.015,Medium,True
STU0077,Mia Singh,Civil,3.51,5,3.51,78.4,69.1,-4.900000000000006,39.0,45.6,6.6,68.8,66.28,8.025666666666668,7.5,3,20,Medium,0.014,0.971,0.015,Medium,True
STU0160,Ishaan Davis,Mathematics,1.95,6,1.95,53.2,64.9,0.45999999999999514,71.8,80.4,8.6,69.38,70.3,14.012333333333332,4.2,20,31,Medium,0.218,0.768,0.014,Medium,True
STU0434,Liam Ahmed,Mathematics,2.87,6,2.87,13.0,0.0,8.419999999999995,81.0,81.7,0.7,74.58,75.96,10.049166666666666,6.3,8,25,Medium,0.385,0.6,0.014,Medium,True
STU0339,Aarav Malik,Computer Science,2.68,0,2.68,44.7,72.2,0.670000000000002,66.2,70.2,4.1,69.78,71.56,27.03316666666667,9.3,26,77,Medium,0.221,0.767,0.013,Medium,True
STU0136,Leila Wilson,Mathematics,2.57,5,2.57,46.1,50.0,0.2800000000000016,47.5,47.2,-0.3,72.75999999999999,72.54,11.134500000000001,3.4,15,26,Medium,0.008,0.979,0.013,Medium,True
STU0357,Ayaan Shah,Civil,2.38,1,2.38,60.1,65.1,4.4999999999999964,60.0,66.6,6.6,69.11999999999999,72.7,22.202166666666667,13.1,8,72,Medium,0.158,0.829,0.013,Medium,True
STU0070,Lakshmi Chaudhary,Electronics,2.41,0,2.41,71.4,44.0,-5.930000000000007,63.6,64.4,0.8,76.28,73.47999999999999,8.595666666666666,4.5,13,14,Medium,0.054,0.934,0.012,Medium,True
STU0355,Leila Patel,Civil,2.49,0,2.49,62.3,42.1,5.619999999999995,67.6,66.6,-1.1,74.88,74.14,24.4945,6.1,17,84,Medium,0.157,0.831,0.012,Low,False
STU0256,Yasmin Moore,Electronics,2.49,0,2.49,57.9,62.1,9.109999999999994,51.3,64.6,13.3,67.0,69.32000000000001,20.4215,8.1,28,43,Medium,0.135,0.854,0.011,Medium,True
STU0197,Tariq Mirza,Electronics,2.43,0,2.43,49.4,58.1,6.319999999999991,71.7,69.3,-2.4,74.64000000000001,73.02000000000001,16.854166666666664,12.1,19,31,Medium,0.224,0.765,0.011,Low,False
STU0294,Amir Verma,Data Science,2.76,2,2.76,68.2,60.6,1.5499999999999916,65.7,63.8,-1.8,75.64,69.4,10.433833333333334,6.0,9,26,Medium,0.097,0.892,0.011,Medium,True
STU0233,Ava Wilson,Electronics,2.58,1,2.58,66.1,57.8,-4.960000000000002,65.8,74.6,8.9,70.97999999999999,72.56,13.753,7.1,12,36,Medium,0.216,0.774,0.011,Low,False
STU0433,Vivaan Taylor,Civil,2.57,0,2.57,48.1,33.7,-0.34000000000000047,59.7,66.6,6.9,72.46000000000001,74.46000000000001,11.039166666666667,2.3,12,32,Medium,0.074,0.915,0.011,Medium,True
STU0469,Fatima Rao,Electronics,2.76,2,2.76,52.6,57.8,5.439999999999998,73.5,65.9,-7.5,77.16,72.3,26.255333333333333,4.8,26,82,Medium,0.191,0.799,0.01,Medium,True
STU0480,Lakshmi Ali,Data Science,2.59,5,2.59,62.0,36.7,-0.670000000000005,49.5,50.9,1.4,77.97999999999999,73.47999999999999,14.289333333333333,5.5,24,24,Medium,0.02,0.971,0.009,Medium,True
STU0010,Olivia Shah,Mechanical,2.5,0,2.5,61.2,71.5,0.12000000000000006,60.3,63.8,3.5,71.03999999999999,74.12,18.349666666666668,9.8,18,45,Medium,0.123,0.868,0.009,Medium,True
STU0287,Riya Nair,Electronics,2.11,6,2.11,57.3,52.5,10.559999999999995,83.2,76.8,-6.4,76.64,73.84,21.222499999999997,12.7,24,44,Medium,0.449,0.541,0.009,Medium,True
STU0489,Shreya Brown,Computer Science,1.98,0,1.98,56.9,66.5,1.7399999999999978,71.9,64.2,-7.7,76.67999999999999,76.86,15.295333333333332,11.6,17,27,Medium,0.103,0.887,0.009,Medium,True
STU0402,Sophia Shah,Mathematics,3.34,0,3.34,55.4,47.0,2.389999999999998,64.9,63.9,-1.0,73.22,74.97999999999999,14.921333333333333,5.4,23,29,Medium,0.206,0.787,0.008,Medium,True
STU0336,Yusuf Kumar,Data Science,2.91,0,2.91,67.7,57.7,-1.59,56.5,66.8,10.3,71.06,70.86,15.602166666666665,4.8,20,38,Medium,0.149,0.843,0.008,Medium,True
STU0445,Tanvi Williams,Mechanical,2.02,0,2.02,77.0,49.5,-2.830000000000008,70.7,69.6,-1.0,78.58,77.06,20.031666666666666,10.2,24,43,Medium,0.18,0.812,0.008,Medium,True
STU0032,Omar Patel,Electronics,1.86,2,1.86,61.6,44.1,4.749999999999996,70.0,71.6,1.5,77.6,75.97999999999999,18.122666666666667,12.0,8,54,Medium,0.199,0.793,0.008,Medium,True
STU0096,Omar Chaudhary,Mechanical,2.42,0,2.42,60.0,67.3,1.4599999999999973,65.0,68.9,3.9,72.82000000000001,73.52000000000001,25.595333333333333,6.4,27,74,Medium,0.206,0.787,0.007,Medium,True
STU0345,Fatima Ahmed,Mathematics,3.27,0,3.27,67.7,56.8,-5.019999999999999,70.5,66.0,-4.5,77.12,74.82000000000001,15.422833333333335,5.2,20,36,Medium,0.217,0.777,0.006,Medium,True
STU0453,Leila Miller,Computer Science,2.76,0,2.76,47.6,50.6,-1.6100000000000025,67.8,66.5,-1.4,77.1,76.64,18.411333333333335,7.3,22,44,Medium,0.175,0.819,0.006,Medium,True
STU0341,Tariq Joshi,Computer Science,3.16,2,3.16,54.3,60.4,-2.989999999999994,71.5,72.0,0.5,74.38,74.52000000000001,7.719666666666666,4.1,0,30,Medium,0.269,0.726,0.005,Medium,True
STU0217,Suresh Smith,Mechanical,2.67,2,2.67,60.8,45.9,-2.180000000000001,67.2,65.1,-2.2,80.5,75.2,13.896333333333335,5.5,16,34,Medium,0.129,0.866,0.005,Medium,True
STU0118,Noor Khan,Electronics,2.0,1,2.0,60.2,60.3,-5.8900000000000015,72.0,71.6,-0.5,77.08,80.24,11.9355,9.6,0,40,Medium,0.166,0.829,0.005,Medium,True
STU0300,Neha Sharma,Computer Science,3.0,1,3.0,70.4,52.7,3.3999999999999893,68.8,73.9,5.1,71.66,75.08,22.7655,11.6,28,48,Low,0.545,0.45,0.005,Low,True
STU0388,Sai Miller,Computer Science,2.29,0,2.29,64.0,42.0,-2.0600000000000045,71.5,78.8,7.3,74.58,78.86,23.473500000000005,10.1,27,56,Medium,0.461,0.534,0.005,Low,False
STU0381,Suresh Reddy,Data Science,3.03,2,3.03,79.5,86.8,0.9900000000000047,68.8,62.1,-6.7,74.84,73.52000000000001,26.589333333333336,5.4,33,72,Medium,0.253,0.742,0.005,Medium,True
STU0485,Tanvi Taylor,Electronics,2.95,0,2.95,44.3,45.3,3.7600000000000016,70.7,69.2,-1.5,75.56,77.38,14.574833333333334,5.5,13,42,Medium,0.277,0.718,0.005,Low,False
STU0082,Aditya Shah,Civil,2.43,1,2.43,77.2,73.6,-1.4800000000000049,64.8,72.7,7.9,71.46000000000001,74.96000000000001,22.966166666666666,11.3,21,60,Medium,0.363,0.632,0.005,Medium,True
STU0204,Amir Gupta,Electronics,3.16,2,3.16,63.4,64.9,2.0399999999999974,72.5,66.8,-5.7,76.62,73.97999999999999,17.36566666666667,5.6,16,51,Medium,0.292,0.704,0.005,Medium,True
STU0404,Reyansh Hassan,Civil,3.06,0,3.06,71.0,57.6,-10.640000000000011,76.2,74.6,-1.6,78.92,75.06,19.140666666666668,8.7,17,52,Medium,0.377,0.617,0.005,Low,False
STU0234,Meera Malik,Electronics,3.08,5,3.08,52.7,65.3,8.949999999999994,50.9,48.8,-2.1,77.26,73.72,24.98033333333333,9.7,20,75,Medium,0.077,0.919,0.004,Medium,True
STU0464,Divya Singh,Electronics,2.35,2,2.35,52.4,56.9,3.7999999999999923,69.1,61.3,-7.8,80.28,78.64000000000001,19.978,3.8,25,54,Medium,0.121,0.876,0.004,Medium,True
STU0212,Emma Miller,Mechanical,2.89,0,2.89,20.8,40.0,5.4700000000000015,70.9,75.9,5.0,76.05999999999999,74.64,20.546666666666667,9.4,21,52,Medium,0.434,0.562,0.004,Low,False
STU0490,Tariq Reddy,Civil,3.34,1,3.34,61.4,54.1,2.5199999999999956,65.1,75.1,10.0,71.14,74.1,18.933,13.2,15,45,Low,0.61,0.387,0.003,Low,True
STU0166,Sai Davis,Electronics,2.13,1,2.13,60.7,84.5,4.439999999999998,73.2,74.6,1.4,70.84,77.7,21.2655,7.8,28,48,Medium,0.432,0.565,0.003,Low,False
STU0144,Yasmin Sharma,Mechanical,2.53,5,2.53,55.8,60.5,4.899999999999996,40.7,60.9,20.2,70.76,73.03999999999999,19.674833333333336,8.8,18,53,Medium,0.117,0.88,0.003,Medium,True
STU0249,Ava Jones,Mechanical,2.74,5,2.74,41.4,50.0,-1.6700000000000013,46.9,59.6,12.7,73.17999999999999,76.67999999999999,10.223666666666666,6.6,3,33,Medium,0.064,0.933,0.003,Medium,True
STU0439,Emma Smith,Mechanical,3.51,0,3.51,28.4,6.5,3.4199999999999946,65.9,75.4,9.4,77.04,77.74,13.957,8.9,5,44,Medium,0.491,0.506,0.003,Medium,True
STU0114,Suresh Ahmed,Civil,3.14,0,3.14,66.6,62.6,3.9799999999999995,75.0,65.7,-9.2,78.88,77.02000000000001,22.056166666666666,6.7,29,53,Medium,0.402,0.595,0.003,Low,False
STU0038,Rahul Singh,Civil,3.66,4,3.66,95.2,72.7,-6.360000000000004,74.4,70.4,-4.0,82.08,71.17999999999999,16.851000000000003,12.5,5,51,Low,0.558,0.44,0.002,Low,True
STU0279,Rohan Moore,Electronics,3.12,0,3.12,53.4,41.6,-0.28000000000000597,72.4,74.4,2.0,79.53999999999999,75.86,12.874,3.6,12,39,Medium,0.42,0.578,0.002,Low,False
STU0392,Ayaan Williams,Computer Science,1.93,0,1.93,71.4,65.9,-0.6300000000000073,75.4,70.8,-4.6,83.02000000000001,78.58,15.9985,10.0,16,35,Medium,0.279,0.719,0.002,Low,False
STU0400,Neha Williams,Civil,3.13,5,3.13,43.1,27.6,4.009999999999996,43.7,63.1,19.4,74.3,74.78,10.32,5.0,0,41,Medium,0.136,0.862,0.002,Low,False
STU0178,Omar Johnson,Civil,2.94,0,2.94,61.4,56.3,-1.7400000000000024,68.5,73.3,4.7,75.12,78.8,16.53916666666667,8.8,11,48,Medium,0.461,0.537,0.002,Medium,True
STU0488,Zara Chaudhary,Data Science,3.25,1,3.25,73.5,52.7,-0.2800000000000064,74.9,77.8,2.9,73.88000000000001,79.35999999999999,22.108833333333337,12.3,8,73,Low,0.733,0.265,0.002,Low,True
STU0318,Riya Smith,Data Science,3.01,4,3.01,78.3,73.4,3.329999999999998,62.4,70.1,7.7,77.7,69.88,17.516833333333334,9.1,13,49,Medium,0.443,0.555,0.002,Low,False
STU0094,Tanvi Nair,Computer Science,3.41,0,3.41,54.6,37.6,-4.369999999999999,68.4,72.1,3.7,79.2,77.16,15.787666666666667,4.7,26,30,Medium,0.428,0.57,0.002,Medium,True
STU0323,Anjali Jones,Electronics,2.6,2,2.6,40.0,55.7,6.1999999999999975,77.3,73.4,-3.9,78.36,78.92,16.405,12.2,16,33,Medium,0.487,0.511,0.002,Low,False
STU0214,Sneha Nair,Data Science,2.25,0,2.25,74.2,82.4,7.529999999999996,73.5,69.5,-4.0,78.7,81.06,20.517833333333336,14.7,3,68,Low,0.545,0.454,0.001,Medium,False
STU0088,Charlotte Hassan,Data Science,2.94,2,2.94,70.6,68.8,1.5900000000000003,67.1,73.4,6.2,76.8,75.66,19.70266666666667,9.8,15,56,Low,0.577,0.422,0.001,Medium,False
STU0203,Ayaan Shah,Mathematics,3.18,1,3.18,36.9,57.3,-1.8399999999999932,74.3,75.2,0.9,75.26,84.74,13.734166666666667,3.8,18,34,Low,0.594,0.405,0.001,Low,True
STU0011,Isabella Sharma,Computer Science,2.81,2,2.81,64.8,39.9,1.5299999999999958,77.7,74.0,-3.8,84.94,82.32000000000001,12.390333333333334,6.5,7,38,Low,0.569,0.43,0.001,Low,True
STU0108,Ava Wilson,Computer Science,1.97,0,1.97,72.2,60.3,3.7899999999999974,73.8,77.7,3.9,79.86,79.84,21.09466666666667,8.1,27,48,Low,0.579,0.42,0.001,Medium,False
STU0326,Nandini Chaudhary,Civil,2.26,2,2.26,57.4,68.2,0.9799999999999981,75.2,69.6,-5.6,85.04,83.96000000000001,17.391666666666666,7.8,12,53,Medium,0.428,0.572,0.001,Low,False
STU0497,Arjun Kumar,Computer Science,3.3,5,3.3,45.3,28.3,-0.5300000000000032,50.5,52.6,2.1,85.44,82.8,18.412833333333335,5.2,14,60,Medium,0.114,0.885,0.001,Medium,True
STU0235,Lakshmi Reddy,Civil,2.93,2,2.93,51.4,46.7,1.3799999999999963,77.7,68.1,-9.5,86.85999999999999,80.84,9.738166666666666,0.0,23,14,Medium,0.354,0.645,0.001,Medium,True
STU0242,Kavya Sharma,Mechanical,2.78,2,2.78,73.3,84.4,2.7200000000000037,69.7,67.8,-1.9,78.62,80.58,18.9515,10.0,0,74,Low,0.51,0.489,0.001,Medium,False
STU0454,Krishna Williams,Computer Science,2.55,6,2.55,64.6,79.6,-3.2599999999999993,78.0,80.3,2.3,79.56,77.36,22.144833333333334,10.5,12,71,Low,0.676,0.324,0.001,Medium,False
STU0304,Shreya Patel,Data Science,3.05,6,3.05,54.6,41.3,-6.2700000000000005,77.4,77.9,0.5,84.96000000000001,78.42,16.715999999999998,5.8,11,55,Low,0.553,0.446,0.001,Medium,False
STU0252,Leila Ahmed,Electronics,3.1,3,3.1,61.8,64.5,3.069999999999996,84.4,70.9,-13.5,81.68,84.14,27.335,9.0,34,67,Low,0.722,0.277,0.001,Low,True
STU0435,Noah Brown,Mathematics,2.16,1,2.16,45.0,37.4,2.0199999999999982,76.4,84.7,8.3,76.8,82.16,16.86616666666667,1.7,21,49,Low,0.601,0.398,0.001,Low,True
STU0153,Liam Siddiqui,Electronics,3.57,6,3.57,72.8,49.0,-3.860000000000006,86.1,83.7,-2.4,83.02000000000001,82.38,18.492,6.6,22,46,Low,0.908,0.092,0.0,Medium,False
STU0373,Shreya Siddiqui,Data Science,3.76,1,3.76,53.4,62.6,3.1499999999999964,78.7,86.9,8.1,88.03999999999999,90.52000000000001,24.671666666666667,5.6,29,68,Low,0.99,0.01,0.0,Low,True
STU0043,Amara Joshi,Electronics,3.53,0,3.53,62.1,66.9,10.549999999999992,70.9,73.8,3.0,78.12,77.86,25.320833333333333,10.3,27,65,Low,0.866,0.134,0.0,Low,True
STU0418,Isabella Shah,Mechanical,3.68,0,3.68,45.4,61.0,3.8799999999999955,82.4,86.6,4.2,84.9,90.58,8.776666666666666,7.3,12,11,Low,0.981,0.019,0.0,Low,True
STU0066,Vihaan Moore,Electronics,3.31,2,3.31,45.8,26.5,4.409999999999997,80.6,81.8,1.1,88.0,87.78,18.303,4.9,12,63,Low,0.91,0.09,0.0,Low,True
STU0134,Isabella Williams,Data Science,2.73,0,2.73,66.0,65.2,-2.930000000000005,81.2,89.4,8.2,94.66,92.9,19.598333333333333,6.2,14,64,Low,0.98,0.02,0.0,Low,True
STU0494,Aryan Verma,Civil,1.97,6,1.97,77.7,61.3,-1.6799999999999988,83.8,87.3,3.5,82.74,85.28,20.823500000000003,11.0,19,53,Low,0.862,0.138,0.0,Medium,False
STU0495,Divya Taylor,Mechanical,3.74,0,3.74,41.9,67.9,3.6399999999999957,76.4,72.3,-4.2,81.1,82.67999999999999,9.191500000000001,4.3,8,25,Low,0.76,0.24,0.0,Low,True
STU0483,Neha Patel,Data Science,3.26,2,3.26,68.9,76.0,-2.0700000000000034,78.5,75.4,-3.2,86.84,81.52000000000001,9.488333333333333,6.6,6,25,Low,0.787,0.213,0.0,Low,True
STU0407,Suresh Ansari,Computer Science,3.5,0,3.5,55.3,47.2,0.06999999999999693,74.8,73.9,-0.9,79.56,83.32000000000001,12.880833333333333,6.6,19,22,Low,0.716,0.283,0.0,Low,True
STU0115,Riya Moore,Civil,2.46,2,2.46,59.4,51.5,4.829999999999994,73.7,77.5,3.8,88.84,85.17999999999999,25.694333333333336,8.5,32,63,Low,0.839,0.161,0.0,Low,True
STU0164,Meera Gupta,Computer Science,3.5,3,3.5,59.8,56.9,1.08,75.2,78.4,3.2,85.7,83.28,22.015833333333333,10.9,21,56,Low,0.915,0.085,0.0,Low,True
STU0423,Suresh Jones,Mathematics,2.02,0,2.02,61.3,56.2,-0.17000000000000187,88.1,83.8,-4.3,95.66,94.97999999999999,18.5335,11.3,11,53,Low,0.929,0.071,0.0,Low,True
STU0101,Aditya Wilson,Computer Science,3.07,0,3.07,61.8,65.4,1.0899999999999952,86.7,79.5,-7.2,88.32000000000001,89.24,18.013500000000004,1.7,38,29,Low,0.918,0.082,0.0,Low,True
STU0340,Lakshmi Johnson,Mechanical,2.69,0,2.69,60.4,90.4,-5.0400000000000045,79.6,75.1,-4.5,89.32000000000001,88.52000000000001,12.2665,11.1,13,19,Low,0.822,0.178,0.0,Low,True
STU0062,Sai Patel,Computer Science,3.43,4,3.43,73.0,65.0,4.079999999999993,75.5,74.3,-1.2,82.62,78.42,29.019500000000004,8.1,20,98,Low,0.828,0.172,0.0,Low,True
STU0308,Anjali Gupta,Electronics,2.72,0,2.72,62.2,37.6,0.38999999999999363,78.7,82.6,3.9,84.24,80.53999999999999,14.291166666666665,4.5,18,35,Low,0.745,0.254,0.0,Low,True
STU0220,Sophia Taylor,Data Science,2.58,1,2.58,72.9,59.5,4.1699999999999955,83.5,81.7,-1.8,91.17999999999999,90.64,27.8235,14.3,25,72,Low,0.96,0.04,0.0,Low,True
STU0324,Divya Taylor,Mechanical,3.14,2,3.14,85.2,62.1,-6.720000000000004,77.8,75.3,-2.5,88.6,87.17999999999999,19.440166666666666,7.5,9,68,Low,0.828,0.172,0.0,Low,True
STU0328,Nandini Mirza,Mathematics,2.65,3,2.65,43.5,69.9,4.84,75.0,83.4,8.4,76.53999999999999,77.72,12.5625,6.3,10,35,Low,0.753,0.247,0.0,Low,True
STU0331,Kiran Shah,Mechanical,2.1,2,2.1,70.7,69.2,3.6099999999999977,86.8,77.0,-9.8,88.52000000000001,83.14,28.176166666666663,8.7,34,72,Low,0.753,0.247,0.0,Low,True
STU0202,Yusuf Johnson,Computer Science,3.63,6,3.63,43.3,34.4,8.809999999999997,89.1,88.4,-0.7,87.67999999999999,85.24,10.016166666666667,7.4,10,20,Low,0.973,0.027,0.0,Medium,False
STU0349,Olivia Chaudhary,Mechanical,2.72,1,2.72,56.1,58.7,-2.42,76.2,83.3,7.1,77.8,81.98,11.448166666666667,3.5,7,39,Low,0.716,0.284,0.0,Low,True
STU0473,Nandini Ali,Civil,2.4,0,2.4,58.0,59.4,1.1200000000000014,75.4,80.4,5.1,86.1,89.96000000000001,18.88116666666667,9.7,7,64,Low,0.865,0.135,0.0,Low,True
STU0069,Neha Ahmed,Computer Science,3.41,2,3.41,76.1,70.1,-3.6900000000000004,91.2,80.9,-10.2,94.26,89.8,19.580833333333334,12.7,22,39,Low,0.969,0.031,0.0,Low,True
STU0180,Fatima Moore,Civil,2.92,1,2.92,69.2,72.9,2.4199999999999884,74.8,79.2,4.4,76.94,83.97999999999999,21.128000000000004,10.4,15,62,Low,0.86,0.14,0.0,Low,True
STU0005,Suresh Davis,Mathematics,3.5,0,3.5,69.7,77.5,-6.25,92.5,93.8,1.4,94.96000000000001,95.8,18.06416666666667,10.6,25,31,Low,0.997,0.003,0.0,Low,True
STU0342,Vivaan Nair,Data Science,3.08,0,3.08,62.3,58.9,7.829999999999996,68.7,73.6,4.8,84.1,84.14,20.438333333333333,7.8,14,65,Low,0.841,0.159,0.0,Low,True
STU0026,Kavya Rao,Electronics,2.59,0,2.59,69.4,71.5,-8.120000000000006,75.0,78.4,3.4,83.74,83.74,13.058,10.7,9,30,Low,0.694,0.306,0.0,Low,True
STU0500,Leila Davis,Electronics,2.02,0,2.02,59.2,83.9,6.899999999999999,79.9,72.6,-7.3,82.88,83.3,16.690666666666665,9.8,18,36,Low,0.594,0.405,0.0,Low,True
